eventID,Agency,year,month,day,hour,minute,second,timeError,longitude,latitude,SemiMajor90,SemiMinor90,ErrorStrike,depth,depthError,magnitude,sigmaMagnitude,magnitudeType,cluster_index
45547,GSHAP_TR,23,1,1,1,1,1,,30.00,37.20,,,,999,,6.3,,MW,0
70706,SBEI,37,1,1,1,1,1,,36.30,36.00,,,,15,,6.2,,MS,0
70707,SBEI,53,1,1,1,1,1,,36.50,36.20,,,,30,,6.6,,MS,0
44743,GSHAP_TR,110,1,1,1,1,1,,36.00,36.20,,,,999,,6.7,,MW,0
70708,SBEI,303,1,1,1,1,1,,34.30,33.80,,,,20,,7.1,,MS,0
0,AA14,363,5,19,1,1,1,,35.20,31.50,,,,999,,6.8,,MS,0
70709,SBEI,494,1,1,1,1,1,,36.30,35.80,,,,25,,6.5,,MS,0
70710,SBEI,502,8,22,1,1,1,,34.80,33.00,,,,30,,7.2,,MS,0
45595,GSHAP_TR,530,1,1,1,1,1,,30.00,36.20,,,,999,,6.5,,MW,0
70711,SBEI,531,1,1,1,1,1,,37.20,35.50,,,,15,,6.5,,MS,0
44,AM06,551,7,9,1,1,1,,35.50,33.90,,,,28,,7.2,,MS,0
44759,GSHAP_TR,561,1,1,1,1,1,,35.90,37.20,,,,999,,6.7,,MW,0
70713,SBEI,565,1,1,1,1,1,,36.20,36.00,,,,30,,6.1,,MS,0
1,AA14,634,9,1,1,1,1,,35.50,32.30,,,,999,,6.0,,MW,0
2,AA14,659,6,1,1,1,1,,35.50,32.30,,,,999,,6.0,,MW,0
45,AM06,746,1,18,1,1,1,,35.80,32.80,,,,999,,7.0,,MS,7
3,MA03,749,1,18,1,1,1,,35.50,32.50,,,,999,,7.3,,MS,0
70715,SBEI,847,11,24,1,1,1,,36.30,34.40,,,,35,,7.5,,MS,0
70716,SBEI,859,12,30,1,1,1,,36.40,35.70,,,,33,,7.4,,MS,2
70717,SBEI,991,4,5,1,1,1,,36.40,33.70,,,,22,,7.1,,MS,0
2648,EMEC,1002,11,10,1,1,1,,36.50,36.50,,,,18,,6.9,,MW,0
70742,SHARE,1003,3,21,0,0,0,,38.80,37.10,,,,999,,6.2,,MW,0
2653,EMEC,1016,1,1,1,1,1,,35.50,32.20,,,,999,,5.5,,MW,0
2656,EMEC,1033,12,5,1,1,1,,35.50,32.50,,,,999,,6.5,,MW,0
70758,SHARE,1037,12,18,4,0,0,,38.80,37.10,,,,999,,5.8,,MW,0
2666,EMEC,1047,1,1,1,1,1,,35.50,31.00,,,,999,,6.5,,MW,0
2670,EMEC,1060,1,1,1,1,1,,35.50,32.20,,,,999,,6.1,,MW,0
70718,SBEI,1063,7,30,1,1,1,,36.20,34.40,,,,32,,6.9,,MS,11
2675,EMEC,1068,1,1,1,1,1,,35.30,30.10,,,,999,,6.9,,MW,0
2676,EMEC,1068,5,29,1,1,1,,35.30,32.60,,,,999,,7.0,,MW,0
2683,EMEC,1091,9,17,1,1,1,,36.10,36.10,,,,999,,6.5,,MW,17
2685,EMEC,1094,6,1,1,1,1,,36.20,33.30,,,,999,,5.2,,MW,0
2687,EMEC,1097,12,30,1,1,1,,36.10,36.20,,,,999,,5.8,,MW,0
2690,EMEC,1105,12,24,1,1,1,,35.20,31.80,,,,999,,5.3,,MW,0
2693,EMEC,1111,8,31,6,30,1,,31.20,30.00,,,,999,,5.8,,MW,0
2694,EMEC,1114,8,10,1,1,1,,36.00,37.10,,,,999,,6.7,,MW,0
70719,SBEI,1114,11,1,1,1,1,,38.50,37.30,,,,40,,7.4,,MS,0
2696,EMEC,1114,11,29,1,1,1,,37.20,37.50,,,,999,,6.8,,MW,0
2699,EMEC,1117,6,26,1,1,1,,35.20,33.10,,,,999,,6.3,,MW,0
2712,EMEC,1138,10,11,1,1,1,,37.10,36.10,,,,999,,7.1,,MW,0
2717,EMEC,1149,1,1,1,1,1,,36.40,35.90,,,,30,,6.7,,MW,0
2718,EMEC,1150,1,1,1,1,1,,35.50,31.80,,,,999,,6.5,,MW,0
2720,EMEC,1151,9,28,1,1,1,,36.70,32.60,,,,12,,5.9,,MW,42
2724,EMEC,1156,5,18,1,1,1,,36.60,36.50,,,,30,,7.4,,MW,3
2728,EMEC,1157,7,15,1,1,1,,36.50,34.50,,,,999,,6.0,,MW,0
47,AM06,1157,8,12,1,1,1,,36.40,35.30,,,,15,,7.0,,MS,9
2730,EMEC,1160,1,1,1,1,1,,32.60,32.00,,,,999,,6.0,,MW,0
2734,EMEC,1163,8,1,1,1,1,,36.10,36.20,,,,999,,6.8,,MW,0
4,AM06,1170,6,29,1,1,1,,36.40,34.70,,,,35,,6.6,,MS,0
2744,EMEC,1182,1,1,1,1,1,,36.70,32.60,,,,999,,6.5,,MW,0
2746,EMEC,1183,1,1,1,1,1,,32.50,34.75,,,,999,,6.3,,MW,0
70837,SHARE,1190,6,1,0,0,0,,33.20,37.15,,,,999,,6.2,,MW,0
5,AM06,1202,5,20,1,1,1,,35.90,33.70,,,,30,,7.0,,MS,0
50,AM06,1212,5,1,1,1,1,,35.00,30.00,,,,999,,6.9,,MS,0
2759,EMEC,1213,6,22,1,1,1,,32.30,37.20,,,,999,,7.0,,MW,0
2762,EMEC,1222,5,11,6,15,1,,32.80,34.70,,,,999,,6.8,,MW,0
2785,EMEC,1259,3,22,1,1,1,,35.50,32.50,,,,999,,6.5,,MW,0
2786,EMEC,1261,1,1,1,1,1,,35.50,34.00,,,,999,,7.1,,MW,0
70884,SHARE,1268,1,1,0,0,0,,35.80,37.35,,,,999,,6.8,,MW,13
2810,EMEC,1284,1,1,1,1,1,,36.20,33.30,,,,999,,6.8,,MW,0
70909,SHARE,1287,1,1,0,0,0,,35.75,35.60,,,,999,,6.2,,MW,23
2814,EMEC,1287,2,1,1,1,1,,36.70,34.70,,,,999,,5.8,,MW,47
2817,EMEC,1287,4,2,1,1,1,,35.50,33.00,,,,999,,6.5,,MW,0
70913,SHARE,1290,1,1,0,0,0,,35.75,35.60,,,,999,,5.4,,MW,0
2821,EMEC,1293,1,1,1,1,1,,31.20,30.00,,,,999,,5.3,,MW,0
2822,EMEC,1293,1,11,1,1,1,,34.90,32.00,,,,999,,6.0,,MW,0
2839,EMEC,1312,5,1,1,1,1,,34.00,27.70,,,,999,,6.6,,MW,0
2846,EMEC,1322,1,20,1,1,1,,36.30,33.50,,,,999,,5.2,,MW,0
2858,EMEC,1339,1,1,1,1,1,,35.50,34.30,,,,999,,6.9,,MW,0
2860,EMEC,1343,1,1,1,1,1,,36.20,33.30,,,,30,,6.5,,MW,0
70727,SBEI,1344,1,2,1,1,1,,37.40,36.70,,,,30,,6.8,,MW,0
2872,EMEC,1347,12,8,1,1,1,,31.20,30.00,,,,999,,4.8,,MW,0
2879,EMEC,1350,7,1,1,1,1,,32.60,34.70,,,,999,,7.0,,MW,0
2880,EMEC,1352,10,11,1,1,1,,31.20,30.00,,,,999,,4.4,,MW,0
70976,SHARE,1355,1,1,0,0,0,,35.75,35.60,,,,999,,5.4,,MW,0
2906,EMEC,1366,1,1,1,1,1,,35.50,33.00,,,,999,,4.8,,MW,0
2914,EMEC,1373,10,19,1,1,1,,31.20,30.00,,,,999,,4.4,,MW,0
2920,EMEC,1385,9,19,1,1,1,,31.20,30.00,,,,999,,4.2,,MW,0
2922,EMEC,1386,7,17,7,45,1,,31.20,30.00,,,,999,,4.2,,MW,0
2931,EMEC,1392,4,13,1,1,1,,33.00,35.00,,,,999,,6.5,,MW,0
2938,EMEC,1399,9,20,1,1,1,,36.30,33.50,,,,999,,4.2,,MW,0
2945,EMEC,1403,12,18,1,1,1,,37.20,36.20,,,,999,,6.5,,MW,20
70728,SBEI,1404,2,20,1,1,1,,36.20,35.70,,,,30,,7.4,,MW,0
2954,EMEC,1407,4,29,1,1,1,,36.30,35.70,,,,999,,6.9,,MW,10
2972,EMEC,1422,6,28,1,1,1,,31.20,30.00,,,,999,,4.2,,MW,0
2975,EMEC,1425,6,23,3,1,1,,31.20,30.00,,,,999,,5.2,,MW,0
2991,EMEC,1434,11,6,1,1,1,,31.20,30.00,,,,999,,4.6,,MW,0
2995,EMEC,1438,2,13,14,1,1,,31.20,30.00,,,,999,,4.1,,MW,0
3017,EMEC,1455,3,6,1,1,1,,31.20,30.00,,,,999,,4.6,,MW,0
51,AM06,1458,11,16,1,1,1,,35.30,31.00,,,,999,,6.9,,MS,0
3040,EMEC,1467,12,14,1,1,1,,31.20,30.00,,,,999,,5.2,,MW,0
3057,EMEC,1476,10,20,1,1,1,,31.20,30.00,,,,999,,4.8,,MW,0
3063,EMEC,1479,10,16,8,1,1,,33.40,35.20,,,,999,,5.0,,MW,0
3077,EMEC,1483,6,14,1,1,1,,31.20,30.00,,,,999,,4.4,,MW,0
3080,EMEC,1484,3,29,1,1,1,,37.20,36.20,,,,999,,4.8,,MW,0
3089,EMEC,1491,4,24,17,1,1,,33.40,34.90,,,,999,,6.5,,MW,0
3100,EMEC,1498,9,18,1,1,1,,31.20,30.00,,,,999,,4.8,,MW,0
3146,EMEC,1513,1,1,1,1,1,,36.50,37.50,,,,14,,7.5,,MW,0
3217,EMEC,1546,1,14,11,1,1,,35.30,32.00,,,,999,,6.1,,MW,0
3263,EMEC,1567,4,25,1,1,1,,33.00,34.50,,,,999,,5.3,,MW,0
71381,SHARE,1567,10,7,0,0,0,,33.05,34.65,,,,999,,5.4,,MW,89
70730,SBEI,1568,10,10,1,1,1,,35.50,35.50,,,,12,,6.1,,MS,0
3302,EMEC,1577,1,28,1,1,1,,33.00,34.50,,,,999,,5.8,,MW,0
52,AM06,1588,1,4,1,1,1,,36.00,29.00,,,,999,,7.0,,MS,0
3339,EMEC,1588,4,7,6,1,1,,31.60,29.40,,,,999,,5.2,,MW,0
70731,SBEI,1626,1,21,1,1,1,,37.10,36.50,,,,20,,7.3,,MW,0
3608,EMEC,1656,2,1,1,1,1,,36.20,34.90,,,,999,,6.7,,MW,0
70733,SBEI,1705,11,24,1,1,1,,36.60,33.70,,,,35,,6.9,,MW,0
3917,EMEC,1718,12,10,1,1,1,,33.25,35.25,,,,999,,6.3,,MW,0
70734,SBEI,1726,4,15,1,1,1,,36.60,36.30,,,,15,,6.1,,MW,0
4014,EMEC,1735,12,1,1,1,1,,34.00,35.00,,,,999,,6.3,,MW,0
70735,SBEI,1738,9,25,1,1,1,,36.50,36.70,,,,10,,6.2,,MW,0
4073,EMEC,1746,7,5,1,1,1,,36.00,33.00,,,,999,,5.2,,MW,0
72301,SHARE,1752,7,21,0,0,0,,35.75,35.60,,,,999,,6.8,,MW,0
4116,EMEC,1753,12,16,1,1,1,,36.00,33.00,,,,999,,6.0,,MW,0
72344,SHARE,1756,1,17,0,0,0,,33.40,35.10,,,,999,,5.0,,MW,0
7,AM06,1759,11,25,1,1,1,,35.90,33.70,,,,30,,7.2,,MS,5
70738,SBEI,1796,4,26,1,1,1,,36.20,35.30,,,,20,,6.8,,MW,12
4548,EMEC,1802,1,1,1,1,1,,36.20,34.00,,,,999,,6.1,,MW,0
4666,EMEC,1814,1,1,1,1,1,,35.80,32.80,,,,999,,6.0,,MW,0
70739,SBEI,1822,8,13,1,1,1,,36.80,36.70,,,,999,,7.4,,MW,1
4887,EMEC,1834,5,23,4,1,1,,35.60,31.30,,,,999,,6.1,,MW,0
55,AM06,1837,1,1,1,1,1,,35.50,33.30,,,,999,,6.9,,MS,0
73394,SHARE,1842,7,12,0,0,0,,30.00,37.50,,,,999,,5.4,,MW,0
73432,SHARE,1845,2,21,0,0,0,,33.40,35.15,,,,999,,5.0,,MW,0
5061,EMEC,1847,8,7,8,15,1,,30.80,29.70,,,,999,,5.9,,MW,0
5561,EMEC,1868,2,20,3,15,1,,33.00,32.00,,,,999,,5.6,,MW,0
56,AM06,1872,4,3,1,1,1,,36.20,36.20,,,,10,,6.0,,MS,31
74245,SHARE,1875,8,21,0,0,0,,36.10,36.20,,,,999,,5.8,,MW,0
74272,SHARE,1876,6,1,0,0,0,,30.20,37.70,,,,999,,5.4,,MW,0
5862,EMEC,1879,7,11,18,1,1,,33.00,29.00,,,,999,,6.0,,MW,0
57,AM93,1894,1,13,20,0,0,,34.70,35.60,,,,999,,5.8,,MS,48
6396,EMEC,1894,5,14,1,1,1,,35.60,36.60,,,,30,,6.2,,MW,0
6491,EMEC,1895,12,7,2,40,1,,31.20,30.60,,,,999,,5.3,,MW,0
6507,EMEC,1896,5,2,1,1,1,,36.00,34.00,,,,999,,5.5,,MW,0
6510,EMEC,1896,6,29,4,5,1,,33.10,34.45,,,,999,,6.5,,MW,18
6704,EMEC,1900,1,5,0,55,1,,34.00,34.45,,,,999,,6.1,,MW,28
6709,EMEC,1900,1,27,2,30,1,,37.37,37.63,,,,999,,5.3,,MW,0
6718,EMEC,1900,3,6,17,58,1,,33.00,29.00,,,,999,,6.2,,MW,24
6803,EMEC,1902,3,9,23,5,1,,35.20,31.80,,,,999,,5.7,,MW,56
68371,KOERI,1903,7,6,0,0,1,,32.50,37.80,,,,5,,4.7,,MD,0
6950,EMEC,1903,7,19,18,7,1,,30.00,35.00,,,,20,,5.7,,MW,0
61,AM93,1903,8,27,14,48,0,,33.30,34.60,,,,999,,5.4,,MS,0
6972,EMEC,1903,10,7,11,12,1,,36.50,36.50,,,,999,,5.2,,MW,0
58902,ISC-GEM,1905,12,4,12,20,7.96,,38.83,37.22,,,,15,,5.6,,MW,0
7222,EMEC,1906,2,23,7,31,1,,33.50,34.30,,,,999,,5.6,,MW,66
7300,EMEC,1906,12,26,13,43,1,,33.40,27.20,,,,999,,5.3,,MW,0
45237,GSHAP_TR,1907,6,22,17,40,1,,35.30,33.60,,,,999,,5.7,,MW,57
68366,KOERI,1907,12,1,0,0,1,,34.50,37.60,,,,5,,6.6,,MD,15
7408,EMEC,1908,2,17,3,0,1,,35.80,37.40,,,,5,,6.3,,MD,0
7467,EMEC,1908,10,30,11,30,1,,36.80,37.60,,,,30,,5.5,,MW,0
7654,EMEC,1910,3,20,1,1,1,,34.60,36.80,,,,999,,5.4,,MW,84
41194,GII,1910,7,10,19,24,0,,35.90,33.82,,,,10,,4.9,,MB,0
7718,EMEC,1911,1,5,1,59,1,,31.30,30.00,,,,999,,4.4,,MW,0
7725,EMEC,1911,1,26,17,35,1,,33.70,28.00,,,,999,,4.9,,MW,0
7766,EMEC,1911,4,30,20,42,1,,30.00,36.00,,,,180,,6.0,,MW,0
7798,EMEC,1911,8,22,20,23,1,,32.60,28.80,,,,999,,4.9,,MW,0
7849,EMEC,1912,3,29,0,45,1,,35.80,35.60,,,,999,,4.7,,MW,0
41196,GII,1913,11,13,13,25,0,,35.70,34.02,,,,10,,4.2,,MD,0
58903,ISC-GEM,1914,10,3,22,7,7.36,,30.02,37.63,,,,15,,7.0,,MW,8
8138,EMEC,1915,5,19,4,48,1,,39.47,37.62,,,,10,,5.5,,MW,0
8204,EMEC,1915,12,25,6,6,1,,36.14,36.47,,,,10,,5.4,,MW,0
58904,ISC-GEM,1918,9,29,12,7,14.31,,35.61,35.08,,,,15,,6.6,,MW,16
8492,EMEC,1918,10,1,2,10,1,,31.30,29.50,,,,999,,4.9,,MW,0
64,AM93,1919,8,19,20,17,20,,34.70,35.20,,,,30,,5.7,,MS,61
8658,EMEC,1920,10,1,2,10,1,,31.30,29.50,,,,999,,4.8,,MW,0
65,AM93,1921,2,5,19,9,45,,35.50,36.00,,,,999,,5.3,,MS,0
66,AM93,1921,4,20,16,4,10,,34.00,34.60,,,,999,,5.6,,MS,0
41199,GII,1921,4,20,16,4,20,,33.00,34.00,,,,10,,5.3,,MB,0
41200,GII,1921,4,21,8,0,0,,35.50,33.00,,,,10,,4.1,,MB,0
8767,EMEC,1921,10,5,19,9,1,,35.20,36.40,,,,33,,5.7,,MW,62
41201,GII,1922,4,2,0,47,0,,34.78,34.73,,,,10,,5.4,,MB,88
8816,EMEC,1922,6,18,19,38,1,,32.00,28.80,,,,999,,4.9,,MW,0
8826,EMEC,1922,7,29,20,48,1,,31.20,30.30,,,,999,,4.8,,MW,0
8839,EMEC,1922,8,29,3,36,1,,32.73,37.37,,,,30,,5.2,,MW,0
8843,EMEC,1922,9,7,1,7,1,,34.00,28.00,,,,999,,4.9,,MW,0
8889,EMEC,1923,2,27,18,15,1,,35.41,32.70,,,,10,,4.0,,MW,0
8962,EMEC,1923,12,8,13,32,1,,31.40,29.20,,,,999,,4.9,,MW,0
8965,EMEC,1923,12,21,14,11,1,,36.00,36.20,,,,33,,5.2,,MW,0
45238,GSHAP_TR,1924,2,18,17,4,1,,34.30,34.80,,,,999,,6.0,,MW,35
41205,GII,1924,2,27,20,4,0,,36.20,32.71,,,,10,,6.0,,MD,36
70,AM93,1924,6,9,21,34,35,,33.10,35.10,,,,10,,4.6,,MB,0
71,AM93,1924,9,10,11,59,39,,31.70,36.70,,,,79,,6.0,,MB,37
9038,EMEC,1924,9,13,21,46,1,,35.50,30.80,,,,10,,4.5,,MW,0
41208,GII,1925,3,16,6,30,0,,36.20,33.41,,,,10,,4.2,,MD,0
9109,EMEC,1925,5,1,1,1,1,,35.30,37.00,,,,999,,5.2,,MW,0
9114,EMEC,1925,5,20,23,27,1,,32.00,30.00,,,,999,,5.0,,MW,0
9137,EMEC,1925,7,8,19,42,1,,30.50,37.40,,,,15,,5.2,,MW,124
44999,GSHAP_TR,1926,3,1,20,1,1,,30.00,36.80,,,,120,,6.4,,MW,21
9208,EMEC,1926,3,17,13,20,1,,35.00,37.00,,,,30,,5.5,,MW,0
68320,KOERI,1926,3,18,14,6,14,,30.13,35.99,,,,10,,7.1,,!MD,6
68307,KOERI,1927,5,2,6,20,24,,31.00,32.50,,,,30,,4.8,,MW,0
72,AM93,1927,5,2,62,2,4,,34.00,34.00,,,,999,,5.2,,MS,0
8,AV02,1927,7,11,13,4,10,,35.40,31.60,,,,15,,6.3,,ML,22
41212,GII,1927,9,24,0,28,14,,35.51,33.31,,,,10,,5.0,,MB,0
41213,GII,1927,12,12,20,26,19,,34.00,34.50,,,,10,,5.3,,MB,92
9427,EMEC,1927,12,13,5,56,1,,33.00,34.80,,,,999,,5.5,,MW,71
9439,EMEC,1928,2,9,20,22,1,,34.70,34.70,,,,5,,5.0,,MD,0
77,AM93,1928,2,24,11,26,28,,31.50,35.78,,,,80,,5.3,,MB,0
41218,GII,1928,8,5,3,42,0,,35.70,32.50,,,,10,,4.2,,MD,0
9522,EMEC,1928,8,23,6,15,1,,36.00,36.50,,,,35,,4.9,,MW,0
41219,GII,1928,9,13,0,0,0,,35.50,30.80,,,,10,,4.6,,MB,234
9575,EMEC,1929,2,8,12,31,1,,35.00,36.00,,,,10,,5.1,,MW,0
68297,KOERI,1929,5,16,1,22,51,,35.30,37.24,,,,10,,4.8,,MD,0
41223,GII,1929,5,28,23,0,0,,36.40,35.04,,,,10,,4.2,,MD,0
9624,EMEC,1929,8,4,9,3,1,,31.10,36.50,,,,15,,5.8,,MW,46
68295,KOERI,1929,8,4,15,12,3.6,,36.00,36.50,,,,5,,5.0,,MD,142
9682,EMEC,1930,3,7,12,1,1,,36.52,32.75,,,,10,,4.2,,MW,0
79,AM93,1930,5,9,70,71,8,,32.19,34.64,,,,999,,5.7,,MS,54
9711,EMEC,1930,5,21,10,45,1,,35.50,32.00,,,,5,,4.5,,MD,0
9715,EMEC,1930,5,25,12,15,1,,34.20,34.50,,,,10,,4.9,,MW,0
9718,EMEC,1930,5,30,6,58,1,,34.70,29.40,,,,999,,4.9,,MW,0
9720,EMEC,1930,6,5,21,58,1,,30.30,35.80,,,,15,,5.2,,MW,0
9747,EMEC,1930,9,11,12,36,1,,31.18,37.39,,,,80,,5.9,,MW,0
9752,EMEC,1930,9,14,2,24,1,,36.64,34.64,,,,10,,4.2,,MW,574
9780,EMEC,1930,12,17,2,2,1,,36.20,36.10,,,,33,,4.5,,MW,0
9843,EMEC,1931,5,6,20,22,1,,39.50,37.50,,,,30,,5.3,,MW,0
45016,GSHAP_TR,1931,6,5,8,24,1,,31.00,36.50,,,,120,,6.2,,MW,0
9887,EMEC,1931,10,1,5,44,1,,31.70,30.20,,,,999,,4.6,,MW,0
9909,EMEC,1932,1,15,20,0,1,,32.20,34.50,,,,10,,5.0,,MW,0
9988,EMEC,1932,12,26,19,3,1,,34.73,36.90,,,,60,,5.4,,MW,80
83,AM93,1933,6,13,11,13,29,,32.80,35.10,,,,999,,5.0,,MS,0
10041,EMEC,1933,7,24,3,44,1,,31.30,29.90,,,,999,,4.6,,MW,0
10056,EMEC,1933,9,25,9,46,1,,35.50,37.00,,,,30,,5.3,,MW,0
10096,EMEC,1934,5,12,16,46,1,,34.90,29.10,,,,999,,4.9,,MW,0
10195,EMEC,1935,6,14,19,2,1,,31.30,29.90,,,,999,,4.8,,MW,0
10251,EMEC,1936,1,20,2,29,1,,31.60,35.60,,,,999,,5.3,,MW,97
10257,EMEC,1936,2,2,17,8,1,,38.82,37.69,,,,160,,5.3,,MW,0
10296,EMEC,1936,6,14,17,1,1,,36.00,36.50,,,,999,,5.7,,MW,55
87,AM93,1936,8,10,63,15,7,,31.00,36.50,,,,999,,5.3,,MS,99
10361,EMEC,1937,4,28,2,36,1,,30.97,35.96,,,,77,,5.5,,MW,72
41232,GII,1937,6,26,19,19,0,,32.67,34.73,,,,10,,4.2,,MD,0
41234,GII,1937,10,12,9,56,0,,35.50,31.50,,,,10,,4.2,,MD,0
68271,KOERI,1938,4,19,23,11,17.6,,39.65,36.65,,,,30,,5.3,,MW,0
10461,EMEC,1938,11,6,15,36,1,,31.80,30.20,,,,999,,4.8,,MW,0
68270,KOERI,1939,1,2,4,35,22,,30.70,36.30,,,,33,,5.5,,MW,0
10574,EMEC,1940,1,27,5,33,1,,35.20,32.80,,,,5,,4.5,,MD,0
41236,GII,1940,7,24,22,15,0,,34.14,34.56,,,,10,,5.6,,MB,65
45320,GSHAP_TR,1940,8,16,16,2,23,,30.50,35.70,,,,40,,5.5,,MW,73
10635,EMEC,1940,8,16,18,23,1,,31.40,35.90,,,,80,,5.9,,MW,40
10639,EMEC,1940,9,2,10,32,1,,35.50,32.00,,,,5,,4.5,,MD,0
41238,GII,1940,9,14,0,0,0,,36.61,34.63,,,,10,,4.2,,MD,590
10710,EMEC,1941,1,20,3,37,1,,33.65,35.18,,,,70,,6.5,,MW,19
10736,EMEC,1941,4,20,22,23,1,,35.74,37.35,,,,100,,4.8,,MW,0
10740,EMEC,1941,4,28,9,21,1,,32.00,32.40,,,,999,,4.9,,MW,0
10862,EMEC,1942,9,21,21,29,1,,31.00,29.30,,,,999,,4.8,,MW,0
10863,EMEC,1942,9,28,1,16,1,,36.65,34.43,,,,10,,4.0,,MW,0
10972,EMEC,1943,9,10,4,52,1,,35.40,32.60,,,,5,,4.7,,MD,0
11022,EMEC,1944,3,25,12,55,1,,36.80,37.80,,,,999,,5.4,,MW,0
11037,EMEC,1944,6,28,2,15,1,,35.00,37.50,,,,999,,5.6,,MW,0
11051,EMEC,1944,10,7,10,30,1,,35.50,32.70,,,,10,,4.0,,MW,0
41245,GII,1945,3,19,19,20,0,,35.50,32.75,,,,10,,4.2,,MD,0
11073,EMEC,1945,3,20,7,58,1,,35.70,37.11,,,,60,,6.0,,MW,32
11196,EMEC,1947,1,27,3,31,1,,30.60,37.70,,,,999,,5.2,,MW,0
11231,EMEC,1947,7,3,3,30,1,,33.10,28.90,,,,999,,4.9,,MW,0
11234,EMEC,1947,7,14,7,3,1,,36.32,37.14,,,,70,,5.3,,MW,0
41248,GII,1947,9,15,0,40,0,,35.50,33.01,,,,10,,4.4,,MB,0
79549,SHARE,1947,12,9,23,40,30,,34.34,36.52,,,,10,,5.7,,MW,58
11267,EMEC,1947,12,10,19,18,1,,34.00,27.50,,,,999,,4.9,,MW,0
95,AM93,1948,4,30,14,50,50,,31.16,36.05,,,,73,,5.2,,MB,0
41250,GII,1949,1,3,19,5,0,,34.50,32.50,,,,10,,4.2,,MD,0
11393,EMEC,1949,1,6,2,18,1,,33.00,32.00,,,,999,,5.0,,MW,0
11447,EMEC,1949,7,7,0,55,1,,36.10,37.50,,,,999,,5.4,,MW,0
41252,GII,1949,10,28,19,10,0,,35.50,33.01,,,,10,,4.1,,MB,0
11484,EMEC,1949,11,5,23,47,1,,34.00,27.40,,,,999,,4.9,,MW,0
11504,EMEC,1950,1,14,22,19,1,,35.80,36.50,,,,33,,4.9,,MW,0
41253,GII,1950,3,1,21,30,0,,35.50,33.01,,,,10,,4.2,,MD,0
68254,KOERI,1951,1,25,3,49,2,,36.30,37.50,,,,5,,4.7,,MD,0
11629,EMEC,1951,1,30,23,7,1,,33.30,32.20,,,,30,,5.7,,MW,0
68252,KOERI,1951,2,2,23,59,22.5,,30.54,36.83,,,,120,,5.7,,MD,0
68251,KOERI,1951,4,8,21,38,13.1,,35.85,36.58,,,,50,,5.8,,MW,51
11672,EMEC,1951,8,5,15,12,1,,36.07,34.33,,,,10,,5.0,,MW,0
96,AM93,1951,8,8,84,3,9,,31.14,36.04,,,,999,,5.4,,MS,85
11708,EMEC,1951,12,2,4,40,1,,38.30,37.10,,,,999,,5.2,,MW,0
11738,EMEC,1952,2,25,22,48,1,,32.30,29.60,,,,999,,4.8,,MW,0
41256,GII,1952,3,22,4,52,33,,34.51,27.20,,,,33,,5.3,,MD,0
41257,GII,1952,10,15,17,50,0,,32.79,34.79,,,,10,,5.5,,MB,0
11840,EMEC,1952,10,22,17,0,1,,35.65,37.25,,,,70,,5.7,,MW,60
41259,GII,1952,12,28,2,43,0,,35.50,32.80,,,,10,,4.2,,MD,0
68243,KOERI,1953,2,1,19,52,36,,32.00,33.50,,,,30,,5.3,,MW,0
11910,EMEC,1953,3,24,21,17,1,,37.00,37.02,,,,10,,5.3,,MW,0
41260,GII,1953,9,10,4,6,0,,32.30,34.68,,,,10,,6.1,,MB,29
41261,GII,1953,11,3,11,57,0,,36.10,33.70,,,,10,,4.2,,MD,0
12130,EMEC,1954,1,5,0,15,1,,32.00,35.30,,,,999,,4.5,,MW,0
12238,EMEC,1954,7,24,0,52,1,,30.60,31.80,,,,999,,5.2,,MW,0
12261,EMEC,1954,8,25,2,1,1,,29.96,37.29,,,,40,,5.2,,MW,0
41264,GII,1954,9,13,21,46,0,,35.38,30.99,,,,10,,5.0,,MB,0
12296,EMEC,1954,10,28,13,39,1,,31.40,32.40,,,,30,,4.9,,MW,0
12300,EMEC,1954,10,31,12,34,1,,32.30,33.80,,,,999,,4.7,,MW,0
2360,NCEDCA,1955,11,12,5,32,18,,34.51,25.12,,,,15,,5.7,,MW,0
68236,KOERI,1956,3,16,19,32,40,,35.60,33.80,,,,30,,6.0,,MW,33
41268,GII,1956,7,16,0,0,46,,35.99,35.70,,,,10,,4.8,,MB,0
41269,GII,1956,12,18,17,53,0,,35.48,30.50,,,,10,,5.4,,MB,0
12673,EMEC,1957,3,15,11,52,1,,33.02,34.75,,,,999,,5.2,,MW,0
41271,GII,1957,7,18,8,33,0,,34.69,33.81,,,,10,,4.4,,MB,0
41272,GII,1957,7,29,1,19,45,,36.90,34.80,,,,10,,4.3,,MD,0
41273,GII,1957,11,3,9,56,0,,35.90,32.50,,,,10,,5.4,,MB,87
12849,EMEC,1958,3,6,8,14,1,,31.44,36.22,,,,70,,4.8,,MW,0
12866,EMEC,1958,4,13,12,2,1,,34.80,29.00,,,,999,,4.8,,MW,0
12868,EMEC,1958,4,22,10,2,1,,30.46,36.58,,,,80,,4.9,,MW,0
12961,EMEC,1958,11,6,21,14,1,,31.35,37.00,,,,40,,4.9,,MW,0
41276,GII,1959,4,10,13,22,0,,35.39,33.41,,,,10,,4.2,,MD,632
68217,KOERI,1959,6,13,12,1,57.8,,32.51,34.78,,,,60,,5.8,,MW,52
13121,EMEC,1959,9,28,10,16,1,,30.08,35.74,,,,100,,5.3,,MW,0
68213,KOERI,1960,5,19,17,46,24,,34.00,36.00,,,,60,,4.7,,MW,0
13326,EMEC,1960,11,28,5,12,1,,31.09,36.11,,,,80,,5.2,,MW,0
13389,EMEC,1961,6,1,16,31,1,,36.76,37.65,,,,40,,5.3,,MW,0
13427,EMEC,1961,9,10,16,17,1,,36.11,37.02,,,,100,,4.9,,MW,0
13431,EMEC,1961,9,15,1,46,1,,33.80,34.90,,,,36,,6.0,,MW,34
13502,EMEC,1962,2,18,11,8,1,,33.02,36.02,,,,999,,4.5,,MW,315
13588,EMEC,1962,5,24,1,9,1,,32.00,35.60,,,,10,,4.0,,MW,0
13626,EMEC,1962,8,7,5,15,1,,30.34,35.73,,,,100,,4.7,,MW,0
13627,EMEC,1962,8,12,22,40,1,,33.30,35.80,,,,10,,4.1,,MW,0
13630,EMEC,1962,8,18,4,29,1,,32.52,36.97,,,,140,,4.9,,MW,0
13655,EMEC,1962,9,16,7,1,1,,31.50,29.70,,,,999,,4.6,,MW,0
13677,EMEC,1962,11,24,2,8,1,,30.70,29.40,,,,999,,4.8,,MW,0
13726,EMEC,1963,3,22,22,28,1,,33.00,34.80,,,,10,,5.0,,MW,0
68374,NCEDCB,1963,5,23,10,15,8.9,,30.00,36.60,,,,226,,5.6,,MW,0
103,AM93,1963,9,12,81,85,5,,32.18,34.72,,,,999,,5.2,,MS,121
68377,NCEDCB,1963,11,22,21,41,30.8,,30.00,37.50,,,,20,,5.1,,MB,140
13826,EMEC,1964,1,7,22,14,1,,32.80,34.50,,,,999,,4.0,,MW,0
13833,EMEC,1964,2,2,6,26,1,,35.80,36.51,,,,81,,4.2,,MW,0
68378,NCEDCB,1964,4,23,14,23,43.2,,37.90,36.90,,,,57,,4.8,,MB,0
13918,EMEC,1964,6,28,11,15,1,,32.35,34.77,,,,65,,5.0,,MW,153
41290,GII,1964,6,28,16,8,0,,35.28,35.46,,,,10,,4.1,,MB,0
81742,SHARE,1964,7,15,17,23,0,,34.50,34.50,,,,999,,4.9,,MW,0
13926,EMEC,1964,7,16,17,40,1,,30.78,36.14,,,,72,,4.8,,MW,0
13936,EMEC,1964,8,22,10,14,1,,30.60,36.93,,,,133,,4.3,,MW,0
13959,EMEC,1964,9,19,16,57,1,,40.00,37.50,,,,30,,4.7,,MW,0
13962,EMEC,1964,9,23,1,41,1,,32.70,34.20,,,,67,,4.9,,MW,0
13985,EMEC,1964,10,18,17,31,1,,32.50,31.50,,,,999,,4.9,,MW,0
68383,NCEDCB,1964,11,17,22,50,53.7,,35.20,36.70,,,,37,,4.5,,MB,0
14000,EMEC,1964,11,17,22,52,1,,35.08,34.95,,,,10,,4.0,,MW,0
14020,EMEC,1964,12,30,1,14,1,,34.20,36.40,,,,128,,5.0,,MW,154
14085,EMEC,1965,3,17,3,52,1,,32.30,34.64,,,,52,,4.8,,MW,206
14093,EMEC,1965,3,26,20,29,1,,30.94,36.82,,,,111,,5.2,,MW,0
14097,EMEC,1965,4,1,1,11,1,,35.77,35.95,,,,40,,4.4,,MW,0
14122,EMEC,1965,5,2,11,52,1,,35.30,33.30,,,,10,,4.2,,MW,0
41300,GII,1965,6,8,22,5,0,,33.68,34.02,,,,10,,4.2,,MD,0
58897,IRIS,1965,11,25,2,6,32,,36.22,37.24,,,,50,,4.8,,MB,208
14290,EMEC,1966,1,22,0,23,1,,29.95,37.65,,,,32,,4.9,,MW,0
14291,EMEC,1966,1,25,11,24,1,,31.50,30.20,,,,999,,4.2,,MW,0
58895,IRIS,1966,3,14,21,25,13,,31.97,36.27,,,,109,,4.5,,MB,0
14401,EMEC,1966,4,8,13,46,1,,30.99,35.81,,,,50,,4.7,,MW,0
14439,EMEC,1966,5,9,3,51,1,,30.98,37.05,,,,132,,5.1,,MW,0
41306,GII,1966,6,23,18,15,0,,35.24,35.64,,,,10,,4.2,,MD,0
14516,EMEC,1966,6,26,13,17,1,,35.92,36.84,,,,58,,4.5,,MB,0
14652,EMEC,1966,9,25,3,10,1,,29.97,37.77,,,,44,,5.1,,MW,0
14710,EMEC,1966,11,30,17,16,1,,36.20,33.90,,,,999,,4.8,,MW,0
41313,GII,1966,12,26,7,6,20,,32.00,32.99,,,,33,,4.7,,MB,0
14729,EMEC,1966,12,29,7,41,1,,30.70,36.10,,,,74,,4.6,,MW,0
14812,EMEC,1967,4,7,18,33,1,,36.24,37.36,,,,32,,5.0,,MW,141
14817,EMEC,1967,4,17,21,37,1,,32.84,34.50,,,,41,,4.8,,MW,172
14905,EMEC,1967,6,15,14,56,1,,32.43,34.09,,,,52,,4.9,,MW,156
14922,EMEC,1967,7,1,3,24,1,,31.30,36.20,,,,69,,4.6,,MW,231
14950,EMEC,1967,7,21,20,48,1,,34.20,34.42,,,,10,,4.6,,MW,232
15023,EMEC,1967,8,26,14,18,1,,30.44,37.59,,,,49,,4.8,,MW,175
82775,SHARE,1968,1,8,18,45,48,,32.00,36.60,,,,999,,4.9,,MW,0
15215,EMEC,1968,2,12,1,57,1,,31.54,36.25,,,,78,,4.5,,MW,0
15295,EMEC,1968,2,23,2,41,1,,30.55,36.99,,,,97,,4.4,,MW,0
15373,EMEC,1968,3,26,19,37,1,,35.47,34.08,,,,37,,5.1,,MW,126
41327,GII,1968,4,9,13,16,0,,35.60,32.70,,,,10,,4.2,,MD,0
58876,IRIS,1968,5,30,12,32,11,,36.20,36.30,,,,33,,4.4,,MB,0
15487,EMEC,1968,6,16,8,34,1,,34.27,36.70,,,,52,,4.5,,MW,280
15626,EMEC,1968,9,17,21,13,1,,31.24,35.34,,,,24,,4.8,,MW,177
68409,NCEDCB,1968,9,23,21,27,19.9,,40.71,36.39,,,,31,,4.4,,MB,0
15699,EMEC,1968,11,6,13,41,1,,32.73,35.13,,,,65,,5.0,,MW,0
41334,GII,1968,12,4,23,42,0,,35.60,31.80,,,,10,,4.2,,MB,0
15745,EMEC,1968,12,15,8,1,1,,30.00,36.10,,,,999,,4.3,,MW,0
41335,GII,1969,1,2,9,10,0,,35.00,30.49,,,,10,,4.2,,MD,563
15772,EMEC,1969,1,8,3,4,1,,31.10,37.80,,,,33,,4.5,,MW,0
15832,EMEC,1969,3,4,1,47,1,,31.04,36.98,,,,109,,5.1,,MW,130
41342,GII,1969,3,31,7,15,54.4,,33.92,27.61,,,,33,,6.1,,MB,26
68417,NCEDCB,1969,3,31,9,1,12.7,,34.38,28.40,,,,33,,4.9,,MB,0
41348,GII,1969,4,4,6,42,57,,32.90,27.70,,,,33,,4.5,,MB,0
15991,EMEC,1969,5,15,13,8,1,,35.00,37.29,,,,86,,4.7,,MW,213
15998,EMEC,1969,5,19,18,14,1,,35.31,37.75,,,,55,,4.7,,MW,0
16005,EMEC,1969,5,24,11,49,1,,35.31,36.82,,,,44,,4.5,,MW,0
68437,NCEDCB,1969,9,4,17,18,48.8,,39.13,35.34,,,,33,,4.7,,MB,0
16213,EMEC,1969,11,30,0,39,1,,35.60,35.70,,,,33,,4.4,,MW,0
68119,KOERI,1969,12,11,8,46,29.1,,31.28,35.35,,,,30,,5.3,,MW,95
58835,IRIS,1969,12,13,10,3,6,,30.50,36.20,,,,113,,4.4,,MB,0
41366,GII,1970,1,9,6,16,14,,34.00,30.20,,,,33,,4.6,,MB,0
16274,EMEC,1970,1,27,21,21,1,,30.00,31.00,,,,999,,4.6,,MW,0
16277,EMEC,1970,2,1,3,4,1,,32.70,34.49,,,,17,,4.8,,MW,182
41368,GII,1970,3,16,2,17,0,,32.57,35.12,,,,10,,4.2,,MD,0
58830,IRIS,1970,3,20,8,50,4,,33.50,36.90,,,,33,,5.5,,MB,0
58829,IRIS,1970,3,28,21,33,11,,30.40,37.60,,,,33,,4.5,,MB,0
58828,IRIS,1970,3,28,21,54,7,,30.00,37.10,,,,33,,4.0,,!MB,0
16425,EMEC,1970,4,4,4,48,1,,33.70,34.20,,,,33,,4.3,,MB,434
58823,IRIS,1970,5,18,8,37,40,,31.70,36.20,,,,56,,4.3,,MB,0
58822,IRIS,1970,5,24,4,37,11,,40.70,32.70,,,,33,,4.1,,MB,0
16763,EMEC,1970,7,30,5,0,1,,35.50,34.40,,,,33,,5.0,,MW,0
16819,EMEC,1970,9,9,0,12,1,,32.21,34.59,,,,49,,4.9,,MW,159
41377,GII,1970,9,29,4,1,17,,34.40,33.20,,,,33,,4.0,,!MB,0
68444,NCEDCB,1970,10,5,14,53,11.7,,38.90,35.12,,,,33,,4.8,,MB,0
16863,EMEC,1970,10,8,2,45,1,,35.51,31.39,,,,10,,4.7,,MW,214
41382,GII,1970,12,19,12,15,36,,33.88,27.44,,,,39,,4.8,,MB,183
41384,GII,1970,12,26,9,20,40,,33.70,34.20,,,,33,,4.0,,!MB,766
17049,EMEC,1971,2,22,14,27,1,,30.30,37.24,,,,47,,5.3,,MW,98
17082,EMEC,1971,3,27,10,18,1,,31.40,30.40,,,,999,,4.4,,MW,0
17098,EMEC,1971,4,16,21,27,1,,35.43,33.63,,,,7,,4.9,,MW,161
17118,EMEC,1971,4,30,6,10,1,,36.18,37.76,,,,60,,4.5,,MW,0
58805,IRIS,1971,5,12,5,17,58,,32.07,37.42,,,,33.7,,4.4,,MB,344
58774,IRIS,1971,5,26,3,44,38,,30.17,35.70,,,,33,,4.8,,MS,186
41392,GII,1971,6,20,10,22,0,,32.61,28.76,,,,10,,4.2,,MD,0
17265,EMEC,1971,6,29,9,8,1,,36.85,37.11,,,,35,,5.3,,MW,101
58767,IRIS,1971,6,29,9,21,38,,34.97,36.42,,,,33,,4.2,,MB,0
58766,IRIS,1971,6,29,10,9,35,,30.14,36.48,,,,33,,4.3,,MB,0
41394,GII,1971,7,8,23,40,56.299,,33.83,27.54,,,,35,,4.8,,MB,187
17340,EMEC,1971,9,7,16,23,1,,35.72,32.91,,,,10,,4.0,,MW,0
17344,EMEC,1971,9,9,15,10,1,,30.18,37.34,,,,49,,5.5,,MW,74
17410,EMEC,1971,11,8,17,55,1,,35.61,33.31,,,,10,,4.0,,MW,787
17494,EMEC,1972,2,8,5,51,1,,36.20,33.90,,,,999,,4.5,,MW,0
58746,IRIS,1972,3,31,8,16,29,,31.00,37.00,,,,5,,4.9,,MD,0
58745,IRIS,1972,4,9,5,45,11,,35.62,36.66,,,,33,,4.1,,MB,0
17655,EMEC,1972,6,23,6,50,1,,32.25,36.55,,,,43,,4.4,,MW,353
68484,NCEDCB,1972,6,28,9,49,34.9,,33.76,27.65,,,,15,,5.6,,MB,67
17698,EMEC,1972,7,31,23,55,1,,31.23,35.67,,,,68,,4.5,,MW,293
68486,NCEDCB,1972,8,3,21,39,26,,32.71,37.71,,,,41,,4.5,,MB,295
18043,EMEC,1973,3,21,8,16,1,,30.21,37.15,,,,32,,4.4,,MW,356
18162,EMEC,1973,7,28,18,55,1,,31.39,36.06,,,,77,,4.6,,MW,249
18191,EMEC,1973,9,2,4,1,1,,35.61,32.81,,,,10,,4.2,,MW,0
18203,EMEC,1973,9,18,8,47,1,,30.36,36.85,,,,35,,4.7,,MW,219
18258,EMEC,1973,11,8,15,49,1,,35.60,35.40,,,,999,,4.5,,MW,0
58724,IRIS,1974,1,9,0,50,43,,40.09,35.44,,,,30.4,,4.3,,MB,0
18338,EMEC,1974,1,9,16,3,1,,30.81,34.63,,,,30,,4.2,,MW,0
41427,GII,1974,3,26,20,42,0,,33.49,28.17,,,,10,,4.2,,MB,605
58721,IRIS,1974,4,28,0,55,36,,31.78,36.00,,,,89,,4.3,,MB,477
58720,IRIS,1974,4,29,20,4,37,,31.64,30.59,,,,12.2,,5.0,,MB,0
67830,KOERI,1974,6,12,10,19,48.8,,37.28,34.10,,,,33,,4.9,,MW,164
58717,IRIS,1974,6,26,14,24,39,,34.74,36.63,,,,44.7,,5.0,,MB,148
67827,KOERI,1974,7,20,20,7,38.5,,38.43,33.34,,,,30,,4.3,,MW,0
58713,IRIS,1974,8,15,5,37,54,,30.13,36.28,,,,88.4,,4.2,,ML,0
18609,EMEC,1974,9,6,5,17,1,,35.71,29.91,,,,10,,4.0,,MW,0
18622,EMEC,1974,9,13,4,55,1,,36.06,37.40,,,,59,,4.3,,MW,0
41439,GII,1974,10,11,9,16,0,,33.65,35.96,,,,10,,4.2,,MD,0
68500,NCEDCB,1974,11,23,21,47,33.9,,31.95,37.72,,,,33,,4.3,,MB,0
18766,EMEC,1975,1,1,0,30,1,,33.06,33.53,,,,10,,5.4,,MS,0
18767,EMEC,1975,1,1,0,30,1,,36.49,36.67,,,,35,,5.1,,MW,134
18828,EMEC,1975,1,28,21,12,1,,33.81,34.54,,,,35,,4.9,,MW,0
18947,EMEC,1975,4,29,18,45,1,,31.47,36.90,,,,30,,4.2,,MW,0
18948,EMEC,1975,4,30,4,28,1,,30.74,36.19,,,,61,,5.9,,MW,43
18963,EMEC,1975,5,12,3,18,1,,34.00,27.80,,,,999,,4.2,,MW,0
19076,EMEC,1975,8,12,16,6,1,,31.16,37.04,,,,107,,4.3,,MW,0
67802,KOERI,1975,9,20,18,58,43.3,,29.98,37.54,,,,52,,4.0,,!MB,0
19280,EMEC,1976,1,12,17,50,1,,32.63,34.44,,,,36,,5.3,,MW,106
105,AM93,1976,1,12,20,20,0,,31.72,34.38,,,,46.6,,5.4,,MS,0
19550,EMEC,1976,7,15,20,24,1,,35.90,37.55,,,,55,,4.9,,MW,0
19584,EMEC,1976,7,30,7,23,1,,35.90,36.71,,,,58,,4.4,,MW,0
58681,IRIS,1976,8,17,17,54,23,,30.32,37.31,,,,999,,4.2,,ML,0
19630,EMEC,1976,9,1,21,12,1,,30.02,36.03,,,,999,,4.4,,MW,370
19640,EMEC,1976,9,8,0,9,1,,31.50,35.90,,,,999,,4.6,,MW,255
19671,EMEC,1976,9,24,13,40,1,,31.81,36.37,,,,33,,4.5,,MW,312
19692,EMEC,1976,10,4,18,38,1,,34.39,34.10,,,,33,,4.3,,MW,0
19750,EMEC,1976,11,17,1,29,1,,31.09,35.39,,,,999,,4.5,,MW,0
41457,GII,1977,2,20,13,10,0,,33.76,34.48,,,,10,,4.2,,MB,633
19994,EMEC,1977,4,11,16,23,1,,30.73,36.91,,,,90,,5.0,,MB,0
106,AM93,1977,6,1,12,54,49,,31.30,34.75,,,,68,,5.6,,MB,69
58666,IRIS,1977,6,1,12,54,49,,31.30,36.16,,,,68,,5.7,,MB,63
20138,EMEC,1977,8,17,19,15,1,,35.41,32.20,,,,10,,4.0,,MW,0
20279,EMEC,1977,11,27,20,42,1,,32.10,37.72,,,,31,,4.3,,MW,503
68524,NCEDCB,1977,12,11,22,48,33.7,,36.00,37.23,,,,33,,4.7,,MB,0
20306,EMEC,1977,12,21,5,36,1,,33.11,36.15,,,,999,,4.0,,MW,0
20358,EMEC,1978,1,30,7,52,1,,33.84,34.67,,,,36,,4.6,,MW,260
20378,EMEC,1978,2,9,21,10,1,,36.84,37.07,,,,42,,4.5,,MW,0
68527,NCEDCB,1978,3,21,2,38,24.2,,30.98,36.97,,,,114,,4.0,,!MB,0
20472,EMEC,1978,4,21,19,12,1,,33.02,34.51,,,,33,,4.0,,MW,0
20475,EMEC,1978,4,22,5,1,1,,36.21,35.22,,,,48,,4.3,,MW,0
20622,EMEC,1978,6,24,0,51,1,,31.10,35.30,,,,999,,4.4,,MW,376
20674,EMEC,1978,7,29,4,34,1,,30.02,37.57,,,,28,,4.7,,MW,224
41463,GII,1978,8,8,22,6,0,,35.31,32.81,,,,10,,4.2,,MD,0
58645,IRIS,1978,8,30,23,52,8,,30.60,36.90,,,,10,,4.2,,MB,0
20815,EMEC,1978,11,11,2,47,1,,38.11,37.44,,,,33,,4.6,,MW,0
58639,IRIS,1979,1,13,4,45,52,,31.05,35.69,,,,101.2,,4.3,,MB,515
68533,NCEDCB,1979,3,21,5,4,14.2,,39.02,37.79,,,,10,,4.4,,MB,0
41470,GII,1979,4,23,13,1,0,,35.46,31.24,,,,10,,4.9,,MB,168
21020,EMEC,1979,4,26,9,28,1,,36.16,37.54,,,,45,,4.8,,MB,0
68537,NCEDCB,1979,5,25,17,10,56.8,,36.50,25.20,,,,10,,4.7,,MB,0
21058,EMEC,1979,5,28,9,27,1,,31.72,36.46,,,,111,,5.9,,MW,45
107,AM93,1979,5,28,92,73,4,,33.67,34.81,,,,111,,5.8,,MB,0
21182,EMEC,1979,8,11,20,19,1,,31.20,35.61,,,,80,,4.4,,MW,384
21187,EMEC,1979,8,14,17,32,1,,34.56,33.60,,,,10,,4.4,,MW,385
21214,EMEC,1979,8,31,21,50,1,,34.77,36.45,,,,999,,4.1,,MW,0
68541,NCEDCB,1979,9,14,17,26,46.7,,30.20,37.00,,,,10,,4.6,,MB,269
21240,EMEC,1979,9,20,10,36,1,,30.89,35.20,,,,49,,4.4,,MW,0
21346,EMEC,1979,12,28,3,9,1,,35.85,37.52,,,,47,,5.4,,MW,90
21351,EMEC,1980,1,2,12,52,1,,36.38,36.56,,,,32,,4.7,,MW,0
108,AM93,1979,12,31,62,13,6,,32.63,34.44,,,,93,,5.3,,MB,108
21395,EMEC,1980,2,20,10,26,1,,31.01,35.78,,,,66,,4.4,,MW,387
41474,GII,1980,3,24,0,53,0,,34.43,32.69,,,,10,,4.1,,MB,0
41476,GII,1980,5,3,15,38,13.6,,32.57,29.58,,,,33,,4.3,,MB,0
21551,EMEC,1980,7,5,2,48,1,,33.95,36.17,,,,42,,4.3,,MW,0
58596,IRIS,1980,9,22,5,20,10,,30.48,36.69,,,,2.6,,4.0,,!MB,0
21736,EMEC,1980,9,22,19,36,1,,31.86,35.32,,,,65,,4.4,,MW,0
58594,IRIS,1980,10,5,21,31,40,,37.15,37.60,,,,63.9,,4.2,,MB,654
21901,EMEC,1980,11,30,1,8,1,,31.38,36.03,,,,80,,4.8,,MW,205
58584,IRIS,1981,2,3,13,11,22,,30.74,37.44,,,,13.2,,4.0,,!MB,0
22064,EMEC,1981,2,19,2,41,1,,36.42,36.35,,,,52,,4.7,,MW,229
22343,EMEC,1981,3,25,4,46,1,,31.72,37.73,,,,42,,4.6,,MW,0
22406,EMEC,1981,4,26,14,13,1,,30.65,36.53,,,,76,,5.6,,MW,70
22459,EMEC,1981,5,15,20,49,1,,30.00,37.44,,,,999,,4.2,,MW,660
68561,NCEDCB,1981,7,10,21,39,32.33,,31.14,37.09,,,,125.8,,4.1,,MB,741
68562,NCEDCB,1981,8,10,5,21,24.18,,29.96,35.99,,,,50.9,,4.6,,MB,274
58565,IRIS,1981,9,12,12,29,23,,30.04,36.92,,,,29,,4.1,,!ML,742
58551,IRIS,1981,12,12,19,31,45,,31.94,37.12,,,,10,,5.1,,ML,0
58550,IRIS,1982,1,13,18,35,56,,35.51,32.73,,,,1,,4.4,,ML,399
23280,EMEC,1982,1,19,18,38,1,,35.61,35.93,,,,46,,4.6,,MW,275
23358,EMEC,1982,3,6,8,14,1,,30.44,34.94,,,,44,,4.5,,MW,0
23365,EMEC,1982,3,11,23,9,1,,33.87,33.57,,,,15,,4.5,,MW,325
41482,GII,1982,3,23,10,48,28,,34.37,27.96,,,,33,,4.3,,MB,0
23464,EMEC,1982,4,24,0,2,1,,35.40,37.74,,,,59,,4.3,,MW,538
23531,EMEC,1982,5,18,19,38,1,,36.40,37.10,,,,54,,4.2,,MW,0
23535,EMEC,1982,5,20,3,28,1,,33.70,35.05,,,,71,,4.6,,MW,0
41484,GII,1982,5,20,3,28,9.565,,34.09,34.61,,,,6,,4.5,,MB,0
58528,IRIS,1982,8,23,5,0,41,,30.59,36.43,,,,10,,4.1,,MB,0
68572,NCEDCB,1982,10,14,13,40,23.16,,34.81,26.87,,,,10,,4.8,,MB,0
68573,NCEDCB,1982,10,30,4,36,46.29,,34.00,27.76,,,,10,,4.5,,MB,327
23802,EMEC,1982,11,15,2,37,1,,31.50,35.48,,,,97,,4.3,,MW,0
23845,EMEC,1982,12,19,19,17,1,,34.06,34.89,,,,37,,4.9,,MW,0
23864,EMEC,1983,1,2,18,5,1,,38.10,37.80,,,,10,,4.5,,MW,0
58518,IRIS,1983,1,31,3,55,22,,34.63,29.95,,,,20,,4.4,,ML,0
58512,IRIS,1983,1,31,17,36,22,,33.90,29.83,,,,21,,4.8,,ML,174
41527,GII,1983,2,3,23,30,25.42,,34.77,29.22,,,,2,,5.1,,MB,127
41529,GII,1983,2,4,0,48,38.317,,34.16,28.98,,,,6,,4.2,,MB,0
58483,IRIS,1983,2,10,17,29,19,,35.62,28.92,,,,21,,5.1,,ML,129
24457,EMEC,1983,4,14,5,59,1,,30.95,37.10,,,,101,,4.5,,MW,284
41581,GII,1983,5,31,16,10,21.646,,32.75,34.11,,,,25,,4.1,,MB,674
24589,EMEC,1983,6,3,2,4,1,,35.75,33.83,,,,8,,4.8,,MW,0
41583,GII,1983,6,12,12,0,13.3,,32.98,28.79,,,,25,,5.2,,MB,113
41585,GII,1983,6,15,22,19,48.596,,34.50,27.19,,,,6,,4.2,,MB,0
58465,IRIS,1983,7,7,21,31,10,,30.54,36.69,,,,7.4,,4.7,,MB,0
41588,GII,1983,7,22,14,44,44.416,,37.55,35.85,,,,10,,4.0,,MD,0
58460,IRIS,1983,8,6,2,7,20,,32.43,26.71,,,,2,,4.4,,ML,0
24758,EMEC,1983,8,11,5,26,1,,31.13,35.62,,,,33,,5.0,,MW,0
24781,EMEC,1983,8,19,12,19,1,,32.06,35.56,,,,33,,4.0,,MW,0
24857,EMEC,1983,9,24,16,40,1,,33.31,34.62,,,,46,,4.6,,MW,236
24863,EMEC,1983,9,28,20,0,1,,32.72,34.87,,,,58,,4.3,,MW,427
41598,GII,1983,10,31,18,52,3.926,,33.90,34.84,,,,27,,4.3,,MB,428
25023,EMEC,1983,11,24,0,14,1,,36.12,37.05,,,,37,,4.8,,MW,0
25140,EMEC,1984,1,23,14,42,1,,31.01,36.73,,,,82,,4.6,,MW,237
58434,IRIS,1984,2,2,21,10,29,,30.81,37.21,,,,15,,4.5,,MS,285
58433,IRIS,1984,2,8,0,34,56,,36.07,32.14,,,,10.6,,4.2,,MS,575
25173,EMEC,1984,2,11,8,12,1,,30.30,36.83,,,,83,,4.9,,MW,157
41604,GII,1984,3,2,19,54,52.296,,35.41,28.63,,,,14,,4.2,,MB,576
58422,IRIS,1984,3,5,19,33,13,,35.53,33.21,,,,4.2,,4.3,,ML,432
25251,EMEC,1984,3,28,16,15,1,,33.58,34.75,,,,38,,5.3,,MW,96
109,AM93,1984,3,28,16,15,6,,31.30,34.75,,,,37.7,,4.5,,MB,0
41609,GII,1984,3,29,21,36,10.137,,32.10,30.04,,,,25,,4.9,,MB,158
41610,GII,1984,4,6,18,30,55.518,,33.88,30.33,,,,9,,4.5,,MB,0
25276,EMEC,1984,4,7,9,20,1,,32.15,33.78,,,,48,,4.6,,MW,238
25288,EMEC,1984,4,16,17,55,1,,31.20,35.72,,,,47,,4.6,,MW,239
41612,GII,1984,4,18,20,20,23.541,,33.38,28.84,,,,5,,4.2,,MB,0
58394,IRIS,1984,5,10,8,11,41,,36.76,36.17,,,,12,,4.0,,!ML,0
41617,GII,1984,5,25,7,5,5.921,,35.31,27.54,,,,5,,4.1,,MD,686
58374,IRIS,1984,5,29,0,51,12,,34.78,28.23,,,,1,,4.0,,!ML,765
68594,NCEDCB,1984,7,2,1,46,58.9,,34.57,25.26,,,,10,,5.1,,MW,0
58353,IRIS,1984,7,26,5,28,11,,35.42,31.36,,,,12,,4.0,,!ML,767
58350,IRIS,1984,7,27,12,6,19,,30.36,28.10,,,,1,,4.1,,!ML,0
41633,GII,1984,8,24,6,2,25.358,,35.19,32.65,,,,12,,5.2,,MB,115
25548,EMEC,1984,8,24,22,28,1,,30.14,37.63,,,,10,,4.2,,MW,0
58329,IRIS,1984,9,7,23,26,49,,34.96,27.10,,,,2,,4.4,,ML,0
25578,EMEC,1984,9,13,1,25,1,,30.15,35.96,,,,7,,4.2,,MW,0
58310,IRIS,1984,9,30,4,40,57,,35.01,25.98,,,,1,,4.9,,ML,0
25617,EMEC,1984,10,6,11,46,1,,30.70,35.74,,,,58,,4.1,,MW,0
41638,GII,1984,10,18,6,48,33.632,,34.52,28.93,,,,6,,4.0,,MD,0
58302,IRIS,1984,10,18,7,19,18,,35.63,33.23,,,,17.8,,4.9,,ML,162
41641,GII,1984,10,23,19,57,14.371,,35.39,31.22,,,,2,,4.0,,MD,772
58292,IRIS,1984,11,5,1,44,21,,35.40,32.12,,,,2.7,,4.4,,ML,347
25676,EMEC,1984,11,15,3,28,1,,36.28,37.12,,,,39,,4.4,,MW,0
58278,IRIS,1984,11,22,3,32,56,,35.19,30.82,,,,12,,4.0,,!ML,773
58266,IRIS,1984,12,8,7,41,53,,34.13,28.04,,,,10,,4.5,,MB,289
110,AM93,1984,12,18,13,59,0,,31.49,36.22,,,,39,,5.1,,MS,131
41647,GII,1984,12,21,3,17,46.513,,32.48,29.41,,,,1,,4.1,,MD,0
41649,GII,1985,1,13,15,8,47.391,,34.63,27.10,,,,10,,4.4,,MB,0
25756,EMEC,1985,1,25,6,8,1,,35.53,31.92,,,,15,,4.5,,MW,290
25768,EMEC,1985,1,31,1,25,1,,30.78,37.36,,,,49,,4.6,,MW,243
68606,NCEDCB,1985,2,28,16,55,47.22,,33.82,27.96,,,,10,,4.6,,MB,244
25835,EMEC,1985,3,14,15,6,1,,31.67,36.91,,,,16,,4.3,,MW,452
58226,IRIS,1985,3,19,5,27,52,,35.01,34.61,,,,4,,4.1,,!ML,0
41653,GII,1985,4,26,3,53,17.131,,37.11,34.20,,,,25,,4.3,,MB,0
58195,IRIS,1985,5,25,9,40,48,,31.63,33.38,,,,33,,4.2,,ML,0
58192,IRIS,1985,6,4,10,7,28,,36.21,30.92,,,,1.6,,4.3,,MS,458
25961,EMEC,1985,6,6,13,8,1,,31.21,35.56,,,,54,,5.1,,MW,133
25962,EMEC,1985,6,6,18,18,1,,32.65,34.85,,,,42,,4.6,,MW,245
25986,EMEC,1985,6,22,7,58,1,,36.98,37.26,,,,33,,4.6,,MW,0
26101,EMEC,1985,10,15,2,25,1,,31.87,36.13,,,,10,,4.0,,MW,0
41664,GII,1985,10,26,1,9,36.575,,34.69,27.91,,,,25,,4.1,,MD,0
41665,GII,1985,10,26,19,53,26.183,,36.34,34.47,,,,24,,4.0,,MD,0
58145,IRIS,1985,11,13,21,31,9,,32.08,29.82,,,,25,,4.0,,!ML,788
26139,EMEC,1985,11,16,11,26,1,,33.44,35.03,,,,66,,4.1,,MW,703
26140,EMEC,1985,11,17,0,16,1,,33.30,37.60,,,,10,,4.2,,MW,0
41667,GII,1985,12,11,16,0,51.987,,32.98,34.69,,,,25,,4.2,,MB,597
26183,EMEC,1985,12,21,5,5,1,,35.47,37.55,,,,33,,4.7,,MW,217
58127,IRIS,1985,12,31,17,4,23,,35.05,30.42,,,,10,,4.5,,ML,294
68619,NCEDCB,1985,12,31,19,42,40.64,,34.86,29.08,,,,10,,4.9,,MB,163
26307,EMEC,1986,3,19,16,24,1,,31.21,35.62,,,,33,,4.4,,MW,355
68622,NCEDCB,1986,4,8,8,43,34.61,,34.29,27.22,,,,10,,4.3,,MB,0
58115,IRIS,1986,4,12,19,20,35,,35.74,33.07,,,,8.7,,4.5,,MS,297
58112,IRIS,1986,4,18,19,4,3,,35.71,33.67,,,,8,,4.0,,!ML,793
58107,IRIS,1986,5,4,7,23,49,,35.35,32.15,,,,8.8,,4.4,,MS,357
68624,NCEDCB,1986,6,6,10,50,31.54,,37.98,37.67,,,,10,,4.6,,MB,0
26540,EMEC,1986,6,29,0,45,1,,30.45,35.96,,,,50,,4.4,,MW,0
26543,EMEC,1986,7,4,15,3,1,,32.35,36.28,,,,10,,4.1,,MW,0
111,AM93,1986,7,7,14,17,0,,35.32,35.29,,,,49,,5.2,,MS,0
41678,GII,1986,7,7,14,17,30.436,,33.95,34.60,,,,25,,4.5,,MB,0
26560,EMEC,1986,7,12,10,29,1,,30.50,32.42,,,,10,,4.2,,MW,0
26581,EMEC,1986,7,30,2,12,1,,32.31,34.67,,,,37,,5.2,,MW,116
41679,GII,1986,7,30,2,13,9.911,,32.89,34.11,,,,25,,4.7,,MB,0
26586,EMEC,1986,8,3,1,33,1,,37.16,37.19,,,,39,,5.3,,MW,102
41681,GII,1986,8,7,19,52,20.981,,34.86,29.20,,,,8,,4.1,,MB,710
26650,EMEC,1986,9,5,19,53,1,,31.75,36.06,,,,73,,4.5,,MW,299
67268,KOERI,1986,9,14,17,5,38.2,,36.19,37.56,,,,10,,4.0,,!MB,0
26679,EMEC,1986,9,22,16,44,1,,29.97,34.69,,,,24,,4.6,,MW,250
26708,EMEC,1986,10,18,0,32,1,,31.79,29.67,,,,10,,4.5,,MW,301
26795,EMEC,1986,11,26,23,8,1,,30.76,35.92,,,,63,,4.9,,MW,0
26807,EMEC,1986,12,8,5,58,1,,31.73,36.60,,,,130,,4.8,,MW,0
41689,GII,1987,1,2,10,14,47.546,,32.30,30.33,,,,15,,4.3,,MB,472
26852,EMEC,1987,1,15,11,19,1,,33.85,34.63,,,,40,,5.4,,MW,86
41698,GII,1987,4,27,20,41,47.456,,35.49,31.26,,,,9,,4.3,,MB,475
68644,NCEDCB,1987,5,20,23,0,40.41,,38.07,35.34,,,,33,,4.8,,MB,0
27001,EMEC,1987,5,24,13,37,1,,33.16,34.73,,,,28,,4.0,,MW,803
27020,EMEC,1987,6,16,6,17,1,,35.25,35.55,,,,33,,4.8,,MW,195
58028,IRIS,1987,7,1,16,49,57,,30.43,37.20,,,,10,,4.0,,!ML,806
27099,EMEC,1987,9,3,12,39,1,,30.61,35.91,,,,52,,5.3,,MW,104
27103,EMEC,1987,9,4,7,25,1,,34.57,34.88,,,,10,,4.1,,MW,0
27108,EMEC,1987,9,6,9,5,1,,35.20,27.07,,,,25,,4.4,,MW,0
27119,EMEC,1987,9,14,15,51,1,,31.10,36.74,,,,111,,4.8,,MW,196
41709,GII,1987,10,1,23,42,5.04,,35.05,28.11,,,,3,,4.2,,MB,610
41713,GII,1987,10,18,1,5,35.619,,34.79,28.94,,,,25,,4.6,,MB,0
58011,IRIS,1987,10,18,1,5,41,,35.06,29.51,,,,10,,5.2,,ML,0
58009,IRIS,1987,10,23,16,32,31,,35.51,31.00,,,,10,,4.5,,ML,306
27187,EMEC,1987,10,30,10,28,1,,37.56,37.64,,,,10,,4.8,,MW,197
27198,EMEC,1987,11,9,6,2,1,,32.96,34.72,,,,22,,5.0,,MW,149
41717,GII,1987,11,18,19,14,52.632,,36.86,32.42,,,,7,,4.1,,MB,0
57997,IRIS,1987,12,14,21,50,59,,31.69,30.69,,,,10,,5.1,,ML,0
27252,EMEC,1987,12,31,17,26,1,,36.02,37.02,,,,10,,4.3,,MW,485
27254,EMEC,1988,1,1,4,17,1,,35.47,36.35,,,,10,,4.4,,MW,365
57989,IRIS,1988,1,23,8,18,47,,30.60,37.22,,,,9.7,,4.6,,MB,251
41721,GII,1988,1,30,3,0,0.438,,35.50,32.20,,,,12,,4.1,,MB,0
41722,GII,1988,2,5,19,6,0.894,,35.17,30.50,,,,8,,4.2,,MD,613
68666,NCEDCB,1988,3,4,2,58,33.67,,34.96,26.82,,,,10,,4.1,,MB,0
27329,EMEC,1988,3,17,21,48,1,,30.02,37.60,,,,10,,4.2,,MW,616
27411,EMEC,1988,5,12,18,41,1,,31.30,34.30,,,,33,,4.0,,MW,0
41730,GII,1988,6,5,18,26,58,,33.73,27.98,,,,10,,4.1,,MB,0
27541,EMEC,1988,7,9,13,0,1,,34.34,36.30,,,,25,,4.2,,MW,621
27558,EMEC,1988,7,22,8,21,1,,31.55,36.68,,,,103,,5.1,,MW,135
27570,EMEC,1988,8,3,20,42,1,,35.65,35.88,,,,56,,4.8,,MW,0
27599,EMEC,1988,8,20,6,52,1,,31.22,35.72,,,,10,,4.4,,MW,369
57956,IRIS,1988,8,21,16,5,39,,34.43,28.51,,,,4.1,,4.3,,MB,0
41732,GII,1988,8,31,10,17,24.445,,34.65,27.88,,,,13,,4.3,,MB,0
57952,IRIS,1988,9,5,14,33,25,,34.36,33.15,,,,5,,4.5,,ML,310
41742,GII,1988,11,29,17,6,57.245,,33.54,28.27,,,,20,,4.2,,MB,624
27825,EMEC,1988,12,8,13,33,1,,30.03,36.62,,,,77,,5.0,,MW,151
27839,EMEC,1988,12,13,19,54,1,,33.19,34.59,,,,25,,4.2,,MW,625
27848,EMEC,1988,12,17,18,57,1,,36.20,37.50,,,,10,,4.2,,MW,627
27856,EMEC,1988,12,22,20,32,1,,32.11,37.59,,,,8,,4.7,,MW,222
41744,GII,1989,1,3,17,10,47.349,,35.46,32.48,,,,12,,4.2,,MD,629
41747,GII,1989,1,14,14,54,17.78,,37.68,35.16,,,,9,,4.1,,MB,0
27908,EMEC,1989,1,16,5,33,1,,30.95,37.17,,,,132,,4.2,,MW,631
28033,EMEC,1989,3,31,0,44,1,,37.46,31.88,,,,12,,5.1,,MW,136
28035,EMEC,1989,4,2,18,26,1,,36.66,37.76,,,,10,,4.1,,MW,0
68689,NCEDCB,1989,4,4,11,32,11.84,,34.92,26.90,,,,10,,4.4,,MB,0
41758,GII,1989,5,8,8,22,25.197,,32.45,34.35,,,,12,,4.1,,MB,726
68690,NCEDCB,1989,5,28,16,44,5.26,,38.35,36.47,,,,10,,4.0,,!MB,0
68692,NCEDCB,1989,6,10,21,50,56.99,,31.97,36.37,,,,112.3,,4.1,,MB,0
41767,GII,1989,6,10,21,51,3.993,,32.03,35.81,,,,25,,4.3,,MB,506
68693,NCEDCB,1989,6,24,3,9,57.56,,35.94,36.72,,,,41.6,,5.1,,MW,138
57888,IRIS,1989,6,25,2,1,33,,33.49,26.70,,,,25,,4.1,,MB,0
28189,EMEC,1989,7,12,13,42,1,,31.09,37.16,,,,125,,4.3,,MW,508
28193,EMEC,1989,7,15,11,49,1,,30.78,35.98,,,,62,,5.2,,MW,119
28200,EMEC,1989,7,20,5,41,1,,34.77,36.46,,,,61,,4.0,,MW,0
41774,GII,1989,8,4,12,4,31.496,,36.01,30.00,,,,27,,4.2,,MB,0
57875,IRIS,1989,8,18,22,9,44,,30.61,34.73,,,,33,,4.0,,!MB,0
28265,EMEC,1989,9,5,8,50,1,,31.09,35.48,,,,22,,4.4,,MW,0
57870,IRIS,1989,9,6,21,27,28,,33.91,27.62,,,,14,,4.2,,MB,639
41776,GII,1989,9,9,5,16,50.104,,34.82,28.57,,,,9,,4.3,,MB,0
41777,GII,1989,9,9,20,15,7.32,,33.13,34.47,,,,25,,4.2,,MB,640
28277,EMEC,1989,9,13,9,36,1,,30.25,37.70,,,,28,,4.4,,MW,377
41778,GII,1989,10,2,11,41,58.234,,35.02,33.50,,,,12,,4.3,,MB,512
28336,EMEC,1989,10,24,22,46,1,,34.08,36.17,,,,10,,4.0,,MW,832
68713,NCEDCB,1989,11,12,10,31,59.35,,31.46,33.13,,,,33,,4.3,,MB,0
41784,GII,1989,12,3,7,32,16.629,,37.85,34.22,,,,2,,4.0,,MD,0
57847,IRIS,1989,12,6,11,3,7,,36.07,31.36,,,,5,,4.1,,!ML,732
57846,IRIS,1989,12,8,1,45,56,,33.96,27.02,,,,24,,4.1,,MB,0
41785,GII,1989,12,18,21,48,15.347,,33.22,28.58,,,,25,,4.7,,MB,227
28433,EMEC,1989,12,24,1,20,1,,31.92,35.39,,,,82,,4.1,,MW,733
2113,NCEDCA,1989,12,31,16,38,17.07,,32.03,34.05,,,,10,,4.6,,MB,0
57836,IRIS,1990,1,24,3,57,51,,34.24,27.61,,,,10,,4.4,,MD,382
28530,EMEC,1990,1,25,3,28,1,,31.90,35.90,,,,10,,4.1,,MW,734
57832,IRIS,1990,2,23,4,58,14,,32.73,27.04,,,,10,,4.3,,MD,0
57831,IRIS,1990,2,26,6,0,44,,30.21,37.17,,,,111,,4.6,,MD,265
28647,EMEC,1990,3,15,11,24,1,,34.65,27.27,,,,17,,4.2,,MW,648
57827,IRIS,1990,3,15,11,24,29,,34.54,28.02,,,,5,,4.3,,MD,0
57826,IRIS,1990,3,25,5,10,34,,30.51,32.66,,,,33,,4.1,,!ML,0
57824,IRIS,1990,3,28,22,27,32,,31.01,32.36,,,,33,,4.6,,MD,0
41794,GII,1990,4,20,6,4,34.741,,34.91,28.97,,,,5,,4.0,,MD,836
57816,IRIS,1990,4,20,9,43,29,,34.54,29.24,,,,7.8,,4.2,,MB,650
28829,EMEC,1990,6,3,0,31,1,,31.50,36.20,,,,10,,4.1,,MW,0
28832,EMEC,1990,6,3,19,50,1,,31.10,35.80,,,,33,,4.3,,MW,0
28908,EMEC,1990,7,5,3,57,1,,31.20,36.75,,,,87,,4.1,,MW,0
57791,IRIS,1990,7,7,1,38,19,,31.83,29.05,,,,10,,4.1,,MD,0
41817,GII,1990,8,11,21,4,34.847,,32.33,29.42,,,,6,,4.2,,MB,652
41819,GII,1990,9,9,23,30,42.784,,32.72,28.51,,,,7,,4.2,,MB,653
29060,EMEC,1990,9,12,8,22,1,,31.82,36.22,,,,98,,4.0,,MW,0
41822,GII,1990,9,13,12,10,3.154,,34.29,32.04,,,,25,,4.2,,MB,0
68739,NCEDCB,1990,9,13,22,10,7.15,,35.13,27.16,,,,10,,4.6,,MB,272
29076,EMEC,1990,9,24,21,45,1,,30.55,37.41,,,,10,,4.3,,MW,525
29121,EMEC,1990,10,17,2,0,1,,33.99,37.05,,,,24,,4.3,,MW,0
29156,EMEC,1990,11,6,15,21,1,,35.62,35.85,,,,10,,4.4,,MW,389
29180,EMEC,1990,11,23,6,43,1,,32.95,34.67,,,,23,,4.4,,MW,390
41834,GII,1990,12,4,9,15,34.695,,32.84,28.30,,,,25,,4.3,,MB,530
57759,IRIS,1990,12,8,9,31,23,,38.16,34.41,,,,10,,4.1,,!ML,0
29203,EMEC,1990,12,9,1,16,1,,33.92,36.23,,,,27,,4.2,,MW,0
57757,IRIS,1990,12,11,21,56,33,,30.69,35.58,,,,10,,4.1,,MD,0
29207,EMEC,1990,12,13,7,31,1,,33.92,34.65,,,,50,,4.4,,MW,393
41838,GII,1991,2,4,4,31,46.666,,32.38,34.28,,,,11,,4.2,,MB,659
29287,EMEC,1991,2,4,19,53,1,,31.15,36.15,,,,26,,4.1,,MW,739
41843,GII,1991,2,27,13,29,23.03,,37.17,35.06,,,,25,,4.2,,MB,661
29361,EMEC,1991,3,11,18,33,1,,30.96,37.01,,,,113,,5.4,,MW,91
29363,EMEC,1991,3,12,15,10,1,,31.16,35.35,,,,52,,4.5,,MW,0
41847,GII,1991,3,22,5,52,33.298,,37.22,33.88,,,,25,,4.6,,MB,273
57729,IRIS,1991,3,27,0,18,25,,33.79,27.68,,,,10,,4.3,,MD,532
29402,EMEC,1991,4,10,1,8,1,,36.14,37.31,,,,33,,5.5,,MW,77
57725,IRIS,1991,4,10,13,55,9,,32.07,35.91,,,,10,,4.0,,!ML,0
57724,IRIS,1991,4,12,21,56,55,,32.00,37.57,,,,10,,4.0,,MD,845
29406,EMEC,1991,4,15,5,36,1,,31.15,36.22,,,,71,,4.4,,MD,397
29423,EMEC,1991,4,27,20,12,1,,35.14,35.90,,,,10,,4.0,,MW,846
41853,GII,1991,5,15,16,4,12.288,,34.73,28.83,,,,3,,4.3,,MB,535
41860,GII,1991,7,22,4,49,8.718,,32.03,35.14,,,,25,,4.2,,MB,665
41863,GII,1991,8,4,15,11,27.674,,34.19,34.48,,,,25,,4.2,,MB,0
29773,EMEC,1991,8,14,13,41,1,,35.81,35.99,,,,51,,4.5,,MW,324
41866,GII,1991,9,5,22,29,49.74,,34.38,28.08,,,,25,,4.3,,MB,536
41868,GII,1991,9,6,0,38,37.916,,33.90,27.68,,,,17,,4.3,,MB,0
41871,GII,1991,9,24,11,53,50.443,,32.25,34.44,,,,25,,4.1,,MB,0
41872,GII,1991,9,28,0,43,7.25,,35.50,31.08,,,,13,,4.2,,MB,666
41873,GII,1991,10,5,18,48,26.135,,32.63,29.50,,,,6,,4.3,,MB,537
68797,NCEDCB,1991,10,7,12,29,35.25,,34.83,36.84,,,,33,,4.4,,MB,401
66500,KOERI,1991,10,14,23,49,42.3,,30.24,37.14,,,,5,,4.3,,MD,539
68799,NCEDCB,1991,10,18,16,48,50,,36.79,33.72,,,,10,,4.9,,MB,171
29865,EMEC,1991,10,26,1,11,1,,33.14,34.51,,,,18,,4.0,,MW,848
29887,EMEC,1991,11,18,14,49,1,,31.09,36.07,,,,7,,4.0,,MW,851
41882,GII,1991,11,22,0,25,22.43,,34.89,27.83,,,,6,,4.3,,MB,541
29895,EMEC,1991,11,26,10,41,1,,32.61,27.90,,,,14,,4.0,,MW,852
57652,IRIS,1991,11,26,10,41,46,,33.24,28.86,,,,14,,4.4,,MB,403
57651,IRIS,1991,11,30,23,43,43,,34.62,29.10,,,,8,,4.2,,MB,0
29909,EMEC,1991,12,5,0,52,1,,32.71,28.55,,,,25,,4.1,,MW,746
29910,EMEC,1991,12,5,20,21,1,,31.79,36.13,,,,112,,5.3,,MW,111
57644,IRIS,1992,1,7,5,49,46,,37.41,37.20,,,,10,,4.2,,ML,0
41889,GII,1992,1,11,3,46,31.471,,35.38,31.21,,,,16,,4.1,,MB,0
41890,GII,1992,1,15,13,9,43.345,,37.91,35.47,,,,10,,4.1,,MB,0
30015,EMEC,1992,2,26,2,4,1,,36.98,35.81,,,,25,,4.0,,MW,747
57631,IRIS,1992,2,26,2,5,0,,37.02,35.17,,,,10,,4.4,,MB,0
41898,GII,1992,2,28,19,30,54.589,,33.86,35.00,,,,23,,4.3,,MB,0
30037,EMEC,1992,3,9,19,54,1,,35.92,34.45,,,,5,,4.1,,MW,667
41899,GII,1992,3,9,19,54,38.27,,35.64,33.82,,,,7,,4.3,,MB,407
30079,EMEC,1992,3,26,16,16,1,,30.95,37.31,,,,25,,4.6,,MW,0
30156,EMEC,1992,5,22,23,10,1,,32.01,30.18,,,,8,,4.5,,MW,0
30157,EMEC,1992,5,23,22,53,1,,30.44,36.74,,,,43,,4.8,,MW,173
30168,EMEC,1992,5,29,6,55,1,,36.83,37.56,,,,7,,4.3,,MW,0
41911,GII,1992,5,29,23,37,46.245,,33.25,34.56,,,,21,,4.1,,MB,668
57603,IRIS,1992,6,1,23,53,4,,36.14,25.31,,,,10,,4.8,,MD,0
68838,NCEDCB,1992,6,2,20,12,47.33,,37.53,25.91,,,,10,,4.8,,MB,0
57602,IRIS,1992,6,2,20,12,52,,35.98,25.85,,,,10,,4.8,,MB,0
30187,EMEC,1992,6,14,0,14,1,,31.07,35.44,,,,66,,4.0,,MW,0
68843,NCEDCB,1992,6,30,3,43,7.51,,30.53,35.12,,,,52.1,,4.2,,MB,550
30229,EMEC,1992,7,10,23,57,1,,30.82,36.09,,,,75,,5.1,,MW,125
30257,EMEC,1992,7,27,7,58,1,,33.60,34.96,,,,62,,4.4,,MW,331
41922,GII,1992,9,3,17,9,25.871,,34.78,27.68,,,,9,,4.5,,MB,278
41927,GII,1992,9,25,22,20,19.601,,34.03,27.32,,,,25,,4.7,,MB,211
57567,IRIS,1992,9,26,1,9,55,,33.83,28.16,,,,10,,4.5,,MB,279
68866,NCEDCB,1992,10,12,13,9,55.51,,31.14,29.78,,,,21.5,,5.9,,MW,38
30342,EMEC,1992,10,20,0,26,1,,31.20,37.19,,,,134,,4.2,,MW,555
41940,GII,1992,10,20,5,25,3.292,,32.47,27.53,,,,16,,4.3,,MB,0
41945,GII,1992,10,27,11,2,44.123,,32.85,28.64,,,,7,,4.6,,MB,233
57540,IRIS,1992,11,3,1,7,53,,40.49,26.27,,,,10,,4.0,,MD,0
41949,GII,1992,11,12,4,12,58.14,,35.11,29.85,,,,14,,4.2,,MB,559
57527,IRIS,1992,11,16,18,11,15,,31.31,35.33,,,,71.7,,4.2,,ML,561
68894,NCEDCB,1992,12,30,18,10,22.77,,30.14,36.56,,,,5,,4.1,,MB,0
57517,IRIS,1993,1,9,12,33,54,,33.18,34.67,,,,21,,4.3,,MD,417
30522,EMEC,1993,2,17,13,31,1,,32.19,33.81,,,,38,,4.5,,MW,0
41963,GII,1993,2,24,15,5,43.835,,35.52,27.18,,,,10,,4.0,,MD,0
30548,EMEC,1993,3,17,10,21,1,,31.13,35.41,,,,18,,4.5,,MW,283
30555,EMEC,1993,3,22,11,3,1,,34.38,34.70,,,,27,,5.4,,MW,79
57488,IRIS,1993,3,29,3,38,4,,33.13,28.96,,,,10.8,,4.3,,MB,420
57487,IRIS,1993,4,1,9,41,28,,31.53,28.69,,,,10,,4.0,,MD,0
57486,IRIS,1993,4,2,22,3,39,,33.81,27.63,,,,10,,4.4,,MD,335
41966,GII,1993,4,24,3,45,14.46,,35.61,33.13,,,,10,,4.3,,MB,0
57477,IRIS,1993,5,4,20,56,41,,30.73,29.26,,,,10,,4.0,,MD,0
57474,IRIS,1993,5,9,23,14,25,,30.71,37.24,,,,159.2,,4.6,,MD,235
57472,IRIS,1993,5,14,23,59,43,,30.01,36.53,,,,7.5,,4.2,,MD,567
57467,IRIS,1993,5,26,10,15,3,,32.89,34.56,,,,25,,4.4,,MS,336
30730,EMEC,1993,6,20,10,15,1,,34.71,33.67,,,,9,,4.4,,MW,0
30783,EMEC,1993,7,21,1,21,1,,36.78,37.13,,,,25,,4.2,,MW,0
41983,GII,1993,7,30,11,46,18.982,,35.59,33.92,,,,2,,4.2,,MB,0
41989,GII,1993,7,31,17,52,34.918,,34.88,27.47,,,,6,,4.8,,MB,180
68936,NCEDCB,1993,7,31,17,53,1.43,,34.48,29.39,,,,10,,4.4,,MB,0
41993,GII,1993,8,2,9,12,56.229,,35.49,31.48,,,,20,,4.3,,MB,423
57439,IRIS,1993,8,2,23,16,46,,35.79,31.07,,,,10,,4.3,,MB,425
68939,NCEDCB,1993,8,3,12,43,5.36,,34.55,28.73,,,,10,,6.1,,MW,27
30815,EMEC,1993,8,3,16,45,1,,35.43,29.13,,,,33,,4.5,,MW,0
57381,IRIS,1993,8,3,18,56,8,,35.39,28.27,,,,15,,4.5,,MB,0
57269,IRIS,1993,8,7,18,57,9,,32.12,35.14,,,,51.4,,4.1,,MD,0
68959,NCEDCB,1993,8,22,7,8,37.18,,36.32,25.64,,,,10,,4.3,,MB,0
30862,EMEC,1993,8,25,22,57,1,,31.00,36.07,,,,65,,4.3,,MW,437
68964,NCEDCB,1993,9,13,22,45,59.51,,33.98,32.94,,,,10,,4.3,,MB,440
42348,GII,1993,10,29,18,8,37.869,,32.07,30.39,,,,24,,4.1,,MB,695
30988,EMEC,1993,11,3,18,39,1,,34.88,27.98,,,,16,,5.0,,MW,145
31007,EMEC,1993,11,12,20,34,1,,35.52,33.67,,,,10,,4.0,,MW,0
56998,IRIS,1993,12,13,22,21,0,,31.80,36.63,,,,15,,4.2,,MD,589
31085,EMEC,1994,1,2,7,49,1,,32.38,28.02,,,,7,,4.2,,MW,0
56978,IRIS,1994,1,2,7,49,20,,33.23,28.76,,,,7,,4.7,,ML,216
31087,EMEC,1994,1,3,21,0,1,,35.81,36.99,,,,38,,5.3,,MW,100
42425,GII,1994,1,13,0,33,49.786,,34.93,29.49,,,,13,,4.0,,MD,0
1835,NCEDCA,1994,2,9,15,4,3.56,,35.23,28.41,,,,10,,4.0,,MD,0
42451,GII,1994,2,10,18,54,21.28,,32.98,28.07,,,,25,,4.1,,MB,0
31197,EMEC,1994,2,21,13,2,1,,32.54,35.08,,,,60,,4.0,,MW,779
31233,EMEC,1994,3,16,8,8,1,,36.04,36.31,,,,10,,4.1,,MW,0
56870,IRIS,1994,5,2,18,15,40,,33.80,27.81,,,,10,,4.1,,MD,0
69010,NCEDCB,1994,5,25,10,3,45.43,,30.19,31.60,,,,10,,4.1,,MB,0
42507,GII,1994,6,13,15,15,34.8,,32.55,29.14,,,,3,,4.0,,MD,0
42509,GII,1994,6,15,4,30,10.876,,32.06,29.82,,,,3,,4.0,,MD,0
31381,EMEC,1994,6,15,16,53,1,,30.07,37.59,,,,8,,4.4,,MB,350
31392,EMEC,1994,6,23,20,11,1,,37.48,37.76,,,,10,,4.5,,MW,291
42513,GII,1994,6,24,20,43,58.865,,33.89,30.11,,,,9,,4.2,,MB,0
31446,EMEC,1994,7,30,10,37,1,,36.20,37.47,,,,10,,4.8,,MW,188
31448,EMEC,1994,7,30,22,46,1,,33.74,34.55,,,,10,,4.8,,MW,189
56828,IRIS,1994,8,6,4,6,36,,35.61,33.75,,,,2.5,,4.2,,MB,593
42534,GII,1994,8,19,1,35,50.502,,34.71,27.70,,,,6,,4.3,,MB,459
42535,GII,1994,8,21,7,31,32.277,,35.84,35.64,,,,10,,4.2,,MB,594
56814,IRIS,1994,9,11,9,6,45,,36.70,36.39,,,,10,,4.1,,MD,0
42539,GII,1994,9,16,3,18,57.202,,35.50,32.05,,,,18,,4.3,,MB,0
42541,GII,1994,9,26,17,27,2.448,,33.84,27.22,,,,5,,4.3,,MB,460
1781,NCEDCA,1994,9,28,9,38,37.44,,32.81,30.57,,,,10,,4.1,,MD,0
31603,EMEC,1994,10,30,9,35,1,,30.08,35.93,,,,51,,4.1,,MW,702
31611,EMEC,1994,11,4,21,18,1,,30.00,36.60,,,,11,,4.4,,MW,0
69062,NCEDCB,1994,11,20,14,31,2.27,,39.56,35.34,,,,28.8,,5.4,,MW,83
31670,EMEC,1994,12,3,14,47,1,,32.49,34.26,,,,33,,4.4,,MW,352
56782,IRIS,1994,12,22,7,3,10,,34.66,26.69,,,,10,,4.3,,ML,462
42559,GII,1995,1,18,1,43,24.753,,34.62,34.64,,,,2,,4.3,,MB,465
56769,IRIS,1995,1,30,17,42,11,,30.06,36.00,,,,33,,4.0,,MD,791
31805,EMEC,1995,2,14,12,47,1,,34.24,35.83,,,,37,,4.6,,MW,247
31835,EMEC,1995,2,23,21,3,1,,32.23,35.02,,,,20,,5.9,,MW,41
31860,EMEC,1995,2,27,6,23,1,,31.31,35.24,,,,61,,4.1,,MW,707
31923,EMEC,1995,4,8,8,25,1,,31.33,36.10,,,,70,,4.4,,MW,358
31927,EMEC,1995,4,13,20,23,1,,36.10,37.37,,,,49,,4.7,,MW,218
56696,IRIS,1995,4,23,1,32,50,,35.42,33.66,,,,1.1,,4.1,,MB,0
31937,EMEC,1995,4,24,23,18,1,,34.85,37.15,,,,38,,4.5,,MW,298
31941,EMEC,1995,4,26,10,0,1,,35.50,34.13,,,,8,,4.4,,MW,0
66069,KOERI,1995,4,26,10,1,0,,33.50,35.50,,,,10,,4.3,,MD,0
42595,GII,1995,5,14,4,0,5.833,,34.34,27.58,,,,3,,4.8,,MB,191
56671,IRIS,1995,6,10,1,36,13,,38.59,37.25,,,,7,,4.2,,MD,0
42612,GII,1995,8,2,19,26,28.458,,33.06,34.67,,,,9,,4.3,,MB,0
69145,NCEDCB,1995,8,4,1,14,54.07,,36.43,25.18,,,,10,,4.3,,MB,471
56640,IRIS,1995,8,23,8,10,15,,35.23,35.96,,,,2.6,,4.1,,MD,717
42619,GII,1995,9,8,12,13,25.948,,32.34,29.73,,,,25,,4.4,,MB,359
42620,GII,1995,9,14,5,53,40.366,,36.88,27.59,,,,6,,4.0,,MD,0
69152,NCEDCB,1995,10,21,13,59,50.37,,31.34,36.29,,,,10,,4.0,,!MB,802
69153,NCEDCB,1995,10,29,3,33,0.18,,35.39,37.60,,,,33,,4.0,,!MB,0
32472,EMEC,1995,11,22,4,15,1,,34.68,28.76,,,,14,,7.3,,MW,4
32488,EMEC,1995,11,22,15,12,1,,34.40,29.96,,,,13,,4.0,,MW,810
56485,IRIS,1995,11,22,17,15,42,,36.32,33.71,,,,6,,4.0,,!ML,812
32504,EMEC,1995,11,24,3,32,1,,30.37,31.70,,,,10,,4.0,,MW,814
56320,IRIS,1995,11,25,14,48,40,,35.93,28.75,,,,14.6,,4.3,,ML,488
42849,GII,1995,11,28,3,33,37.698,,34.90,27.89,,,,1,,4.3,,MB,0
56111,IRIS,1995,12,7,3,9,36,,35.95,36.89,,,,13.7,,4.0,,MD,827
32572,EMEC,1995,12,10,15,33,1,,33.58,28.92,,,,33,,4.1,,MW,0
69212,NCEDCB,1995,12,23,6,28,58.38,,35.24,29.56,,,,8.8,,5.1,,ML,139
65899,KOERI,1995,12,26,6,20,18,,34.14,31.77,,,,24,,4.8,,MD,0
55875,IRIS,1996,1,11,23,3,50,,39.65,35.39,,,,40,,5.2,,MD,123
32673,EMEC,1996,1,21,9,28,1,,35.62,35.99,,,,25,,4.3,,MW,527
32679,EMEC,1996,1,24,23,3,1,,31.33,35.80,,,,10,,4.0,,MW,840
69274,NCEDCB,1996,2,12,18,23,46.53,,35.53,28.36,,,,10,,4.4,,ML,395
55649,IRIS,1996,3,11,22,27,16,,36.86,37.08,,,,9.5,,4.5,,ML,326
32804,EMEC,1996,3,16,14,36,1,,30.35,36.90,,,,83,,4.6,,MW,276
32813,EMEC,1996,3,20,11,48,1,,36.07,36.88,,,,37,,4.1,,MW,0
55628,IRIS,1996,3,29,5,58,52,,36.34,37.76,,,,10,,5.3,,MD,110
32912,EMEC,1996,4,15,16,43,1,,34.61,35.46,,,,5,,4.4,,MW,404
69302,NCEDCB,1996,4,17,5,39,34.15,,33.67,34.27,,,,33,,4.1,,MB,745
43269,GII,1996,4,24,21,58,20.861,,33.79,27.07,,,,10,,4.2,,MB,0
55562,IRIS,1996,4,25,0,0,22,,34.47,27.64,,,,10.9,,4.4,,MD,405
43270,GII,1996,4,25,21,58,49.98,,34.91,27.04,,,,6,,4.3,,MB,543
33084,EMEC,1996,5,23,20,45,1,,34.67,34.75,,,,64,,4.0,,MW,0
55502,IRIS,1996,5,27,2,37,18,,30.72,35.94,,,,64.5,,4.0,,!MB,749
69304,NCEDCB,1996,5,27,2,37,18.96,,31.94,36.66,,,,33,,4.0,,!MB,750
65777,KOERI,1996,6,5,1,38,36,,36.21,37.15,,,,8,,4.3,,MD,409
33130,EMEC,1996,6,5,13,13,1,,35.70,35.81,,,,24,,4.6,,MW,230
55449,IRIS,1996,6,17,8,24,7,,36.53,30.10,,,,38,,4.0,,MD,753
55445,IRIS,1996,6,19,10,53,56,,35.86,33.79,,,,15,,4.0,,MD,754
69312,NCEDCB,1996,7,21,3,58,42.68,,31.97,36.11,,,,120.1,,4.0,,!MB,756
55317,IRIS,1996,8,9,1,58,13,,35.06,37.39,,,,10,,5.3,,MD,94
43345,GII,1996,8,21,20,6,35.522,,32.23,29.57,,,,25,,4.2,,MB,560
33744,EMEC,1996,9,4,18,41,1,,31.40,35.36,,,,72,,4.0,,MW,0
55209,IRIS,1996,9,27,22,10,51,,30.02,37.55,,,,10,,4.2,,MB,564
33876,EMEC,1996,10,9,13,10,1,,32.10,34.53,,,,19,,6.8,,MW,14
55182,IRIS,1996,10,9,13,27,32,,32.01,35.32,,,,85.1,,4.7,,ML,212
55086,IRIS,1996,10,10,3,13,10,,31.14,34.88,,,,5,,4.4,,ML,0
55066,IRIS,1996,10,10,10,28,49,,32.97,34.92,,,,38.4,,4.2,,MD,571
33973,EMEC,1996,10,12,23,38,1,,30.85,31.96,,,,10,,4.3,,MW,429
54897,IRIS,1996,10,19,6,43,45,,31.38,35.86,,,,42.4,,4.2,,ML,579
65504,KOERI,1996,11,7,8,54,14,,32.58,35.70,,,,12,,4.1,,MD,685
69411,NCEDCB,1996,11,18,9,36,7.02,,34.80,29.75,,,,10,,4.4,,ML,0
69413,NCEDCB,1996,11,26,9,29,32.66,,32.19,30.43,,,,10,,4.6,,MB,240
34182,EMEC,1996,12,20,7,21,1,,33.15,27.80,,,,25,,5.0,,MW,0
69427,NCEDCB,1996,12,24,22,16,26.17,,38.71,34.29,,,,29.2,,5.5,,MWC,0
54674,IRIS,1996,12,25,8,45,7,,31.36,36.06,,,,13,,4.4,,ML,342
54673,IRIS,1996,12,28,4,38,34,,30.98,36.98,,,,115.6,,4.2,,MD,581
34211,EMEC,1996,12,31,15,51,1,,37.30,36.60,,,,12,,4.2,,MW,582
34227,EMEC,1997,1,6,19,6,1,,35.90,36.84,,,,10,,4.4,,MW,343
65431,KOERI,1997,1,19,21,23,48.6,,32.35,33.78,,,,4,,4.4,,MD,345
34278,EMEC,1997,1,22,17,57,1,,35.94,36.19,,,,45,,5.6,,MW,64
95036,SHARE,1997,3,4,9,1,50,,40.80,37.26,,,,999,,4.1,,MW,0
54513,IRIS,1997,3,6,3,48,47,,32.84,30.50,,,,25,,4.1,,MD,694
54508,IRIS,1997,3,8,6,0,5,,34.20,27.70,,,,1,,5.8,,MD,49
69453,NCEDCB,1997,3,16,3,19,19.95,,30.75,35.75,,,,33,,4.1,,MB,0
54486,IRIS,1997,3,16,3,19,27,,30.63,36.22,,,,73.4,,4.3,,MB,442
65386,KOERI,1997,3,25,0,55,36.8,,38.84,37.20,,,,10,,4.0,,MD,0
54466,IRIS,1997,3,26,4,22,53,,35.41,33.70,,,,5,,5.8,,ML,50
43782,GII,1997,3,26,9,19,20.885,,33.11,34.70,,,,25,,4.3,,MB,443
54420,IRIS,1997,4,30,8,36,2,,36.68,33.40,,,,26,,4.2,,MD,0
43800,GII,1997,4,30,9,36,13.972,,36.47,32.14,,,,10,,4.0,,MD,774
43813,GII,1997,5,18,19,46,56.481,,35.27,32.78,,,,10,,4.1,,MB,0
34529,EMEC,1997,5,21,10,39,1,,31.78,35.86,,,,7,,4.1,,MW,697
43829,GII,1997,6,9,21,9,35.256,,32.94,27.21,,,,4,,4.3,,MB,449
43833,GII,1997,6,25,9,8,18.87,,34.90,27.80,,,,6,,4.0,,MD,0
34632,EMEC,1997,6,30,21,48,1,,31.42,36.65,,,,121,,4.4,,MW,348
54290,IRIS,1997,7,17,12,29,11,,30.40,36.95,,,,33,,4.1,,MD,699
43839,GII,1997,7,31,7,0,27.909,,33.78,34.83,,,,25,,4.3,,MB,0
54240,IRIS,1997,8,10,20,43,32,,30.99,35.74,,,,5,,4.0,,MD,780
34766,EMEC,1997,8,28,18,14,1,,31.41,33.96,,,,33,,4.0,,MW,0
54147,IRIS,1997,10,14,10,5,52,,37.75,37.49,,,,10,,4.1,,MD,700
54144,IRIS,1997,10,17,2,25,25,,36.21,37.29,,,,10,,4.2,,MD,592
34913,EMEC,1997,10,30,17,34,1,,35.15,34.97,,,,34,,4.1,,MW,0
43868,GII,1997,11,17,21,27,54.13,,36.47,32.72,,,,5,,4.2,,MB,0
35134,EMEC,1997,12,6,0,12,1,,30.88,36.86,,,,103,,4.5,,MW,292
35135,EMEC,1997,12,6,0,13,1,,30.48,37.26,,,,999,,4.8,,MW,190
43873,GII,1997,12,11,1,29,22.146,,34.87,27.84,,,,1,,4.6,,MB,246
35157,EMEC,1997,12,14,3,12,1,,34.82,35.46,,,,10,,4.3,,MW,0
69471,NCEDCB,1997,12,21,5,44,29.18,,31.28,35.97,,,,10,,4.1,,MD,701
69479,NCEDCB,1998,2,27,2,42,23.5,,36.43,36.58,,,,6,,4.0,,MD,785
65222,KOERI,1998,3,5,13,43,28.3,,36.84,36.30,,,,5,,4.0,,MD,786
35431,EMEC,1998,3,15,23,10,1,,38.26,37.54,,,,10,,4.2,,MW,595
35517,EMEC,1998,4,21,4,54,1,,33.05,34.82,,,,26,,4.0,,MW,790
69496,NCEDCB,1998,4,25,1,29,30.04,,34.25,29.61,,,,10,,4.3,,ML,467
43911,GII,1998,5,7,15,13,0.87,,35.20,27.06,,,,5,,4.2,,MB,598
43917,GII,1998,5,31,13,25,28.04,,35.00,30.23,,,,3,,4.0,,MD,792
43920,GII,1998,6,6,2,54,40.486,,32.86,29.55,,,,25,,4.1,,MB,704
69499,NCEDCB,1998,6,7,9,12,6.28,,30.59,37.10,,,,104.9,,4.1,,MB,705
35709,EMEC,1998,6,27,13,55,1,,35.32,36.85,,,,47,,6.2,,MW,25
53812,IRIS,1998,7,18,21,2,45,,33.68,36.69,,,,5.8,,4.1,,MD,0
43932,GII,1998,8,3,21,59,52.463,,33.97,34.46,,,,25,,4.3,,MB,469
35858,EMEC,1998,8,18,19,57,1,,31.23,36.18,,,,68,,4.0,,MW,796
43936,GII,1998,9,1,4,32,20.549,,36.69,33.92,,,,5,,4.0,,MD,0
35941,EMEC,1998,9,22,4,58,1,,37.00,36.93,,,,33,,4.1,,MW,711
43943,GII,1998,9,27,22,25,31.947,,34.78,28.80,,,,5,,4.1,,MB,712
65058,KOERI,1998,10,3,13,54,11.6,,34.76,37.76,,,,5,,4.2,,MD,604
35986,EMEC,1998,10,5,19,55,1,,31.17,36.79,,,,91,,4.1,,MW,713
36047,EMEC,1998,10,18,8,37,1,,36.32,37.30,,,,7,,4.1,,MW,714
69556,NCEDCB,1998,11,7,20,38,57.1,,31.59,35.65,,,,33,,4.1,,MD,715
69557,NCEDCB,1998,11,9,3,53,4.8,,30.81,37.10,,,,92,,4.0,,MD,798
36125,EMEC,1998,11,19,12,9,1,,34.63,29.70,,,,16,,4.1,,MW,716
53647,IRIS,1998,11,20,8,1,29,,34.16,27.68,,,,12,,4.5,,MD,302
53635,IRIS,1998,12,3,9,41,48,,33.72,31.12,,,,2,,4.1,,MD,0
53627,IRIS,1998,12,8,17,36,31,,36.81,36.56,,,,13,,4.2,,MD,606
69564,NCEDCB,1998,12,14,20,48,44.01,,31.10,26.55,,,,10,,4.5,,MB,0
43962,GII,1998,12,15,11,17,0.536,,35.63,32.78,,,,2,,4.0,,MD,0
36191,EMEC,1998,12,22,4,51,1,,33.93,35.83,,,,25,,4.1,,MW,719
69575,NCEDCB,1999,1,21,2,13,50.6,,36.22,37.09,,,,10,,4.0,,MD,0
43969,GII,1999,2,2,18,1,28.798,,34.71,28.80,,,,5,,4.3,,MB,476
43972,GII,1999,2,8,9,15,57.804,,35.15,33.77,,,,8,,4.3,,MB,0
69583,NCEDCB,1999,2,21,17,47,57.41,,31.00,36.54,,,,88.4,,4.2,,MB,607
69601,NCEDCB,1999,3,25,16,37,5.74,,31.13,37.04,,,,125.1,,4.0,,!MB,804
53551,IRIS,1999,4,4,11,40,39,,31.00,35.77,,,,74.3,,4.2,,MB,608
69609,NCEDCB,1999,4,11,21,35,9.3,,38.18,37.77,,,,8,,4.3,,MD,479
36517,EMEC,1999,4,19,0,16,1,,37.07,37.07,,,,13,,4.1,,MW,721
53531,IRIS,1999,4,30,23,27,18,,31.22,26.71,,,,49.8,,4.9,,MD,0
64957,KOERI,1999,5,9,8,47,57.5,,32.39,35.26,,,,8,,4.0,,MD,807
43986,GII,1999,5,10,6,7,38.02,,33.89,28.13,,,,5,,4.3,,MB,480
36591,EMEC,1999,5,25,17,15,1,,32.18,34.48,,,,38,,5.6,,MW,68
43988,GII,1999,6,2,2,11,52.196,,35.41,32.40,,,,10,,4.2,,MB,0
43989,GII,1999,6,9,0,28,34.247,,33.86,34.69,,,,25,,4.3,,MB,481
53497,IRIS,1999,6,17,14,20,23,,34.52,28.20,,,,10,,5.3,,MD,105
44003,GII,1999,6,20,10,44,29.377,,35.74,34.03,,,,5,,4.0,,MD,0
53485,IRIS,1999,6,26,6,34,14,,36.63,34.48,,,,9.4,,4.6,,ML,0
36684,EMEC,1999,6,29,0,54,1,,30.89,37.71,,,,8,,4.4,,MW,361
36699,EMEC,1999,7,2,7,20,1,,33.82,35.91,,,,33,,4.0,,MW,811
36823,EMEC,1999,8,13,15,31,1,,32.89,34.71,,,,33,,5.0,,MW,150
53376,IRIS,1999,8,25,17,46,16,,31.70,36.20,,,,90.2,,5.5,,ML,75
36950,EMEC,1999,8,28,20,16,1,,30.54,35.07,,,,39,,4.6,,MW,252
44056,GII,1999,8,29,5,15,8.274,,33.32,28.74,,,,7,,4.0,,MD,0
37044,EMEC,1999,9,24,19,8,1,,38.60,37.50,,,,12,,4.4,,MW,367
37066,EMEC,1999,10,3,15,48,1,,30.55,36.24,,,,70,,4.2,,MW,0
44067,GII,1999,10,5,5,44,36.547,,34.90,28.91,,,,14,,4.8,,MB,198
53324,IRIS,1999,10,5,5,51,59,,34.62,29.44,,,,5,,4.4,,MB,368
53315,IRIS,1999,10,11,20,39,34,,31.51,28.96,,,,12.1,,6.1,,ML,30
37135,EMEC,1999,10,28,15,39,1,,34.98,30.40,,,,9,,4.3,,MW,0
37147,EMEC,1999,11,1,19,56,1,,36.33,37.30,,,,5,,4.2,,MW,617
53281,IRIS,1999,11,2,14,5,6,,37.09,37.20,,,,15,,4.0,,MC,0
53257,IRIS,1999,11,11,14,59,59,,35.60,31.55,,,,2.7,,4.2,,ML,620
69668,NCEDCB,1999,11,14,2,11,11.04,,36.01,37.73,,,,0.1,,4.2,,MD,0
53240,IRIS,1999,11,25,5,17,49,,32.98,33.99,,,,10,,4.9,,ML,166
53205,IRIS,1999,12,28,12,17,10,,31.87,30.22,,,,5,,4.8,,ML,201
53189,IRIS,2000,1,16,19,34,56,,36.73,36.67,,,,33,,4.0,,MD,818
53187,IRIS,2000,1,18,4,32,4,,36.23,37.43,,,,10,,4.3,,MD,493
44088,GII,2000,2,24,5,8,50.388,,34.44,29.55,,,,5,,4.0,,MD,820
44089,GII,2000,3,8,14,22,25.339,,34.71,28.78,,,,5,,4.9,,MB,167
53128,IRIS,2000,3,10,8,35,8,,32.58,37.59,,,,10,,4.0,,MD,822
44092,GII,2000,3,10,9,45,32.63,,33.06,27.31,,,,3,,4.3,,MB,0
53117,IRIS,2000,3,15,7,41,16,,31.15,35.29,,,,2.7,,4.0,,!MB,823
53104,IRIS,2000,3,27,5,51,27,,30.81,35.99,,,,66.9,,4.6,,MB,256
37406,EMEC,2000,4,2,11,41,1,,37.37,37.63,,,,28,,4.6,,MW,257
69691,NCEDCB,2000,4,3,0,23,50.4,,34.26,36.67,,,,33,,4.1,,MD,0
69693,NCEDCB,2000,4,6,11,5,59.05,,34.13,35.17,,,,15,,4.0,,!ML,0
44104,GII,2000,4,23,4,56,38.537,,33.26,34.58,,,,9,,4.2,,MB,634
44105,GII,2000,4,26,1,3,48.925,,34.41,29.98,,,,13,,4.0,,MD,824
37447,EMEC,2000,5,12,3,1,1,,36.06,37.01,,,,33,,4.8,,MW,202
37465,EMEC,2000,5,27,7,49,1,,35.21,36.14,,,,36,,4.4,,MW,0
53029,IRIS,2000,5,28,11,4,56,,35.29,37.05,,,,17,,4.3,,MD,501
37504,EMEC,2000,6,25,19,18,1,,32.85,28.14,,,,6,,4.1,,MW,0
53014,IRIS,2000,6,25,19,18,52,,33.24,28.54,,,,18,,4.8,,ML,203
53013,IRIS,2000,6,29,14,44,55,,32.10,29.86,,,,8,,4.3,,MD,502
53012,IRIS,2000,7,3,5,35,38,,31.71,36.30,,,,121.9,,5.8,,MD,53
69716,NCEDCB,2000,7,6,3,36,19.42,,36.56,37.70,,,,10,,4.0,,!MB,825
44123,GII,2000,7,22,10,16,31.989,,34.93,29.35,,,,13,,4.2,,MB,636
52985,IRIS,2000,7,30,22,24,54,,33.78,27.86,,,,78,,4.1,,MD,0
52970,IRIS,2000,8,8,4,57,42,,32.19,34.57,,,,25,,5.2,,MD,117
52967,IRIS,2000,8,9,0,9,53,,34.78,26.72,,,,25,,4.2,,MD,638
44129,GII,2000,8,20,17,38,52.591,,33.08,27.44,,,,25,,4.3,,MB,507
44131,GII,2000,8,27,6,48,9.12,,35.64,34.18,,,,5,,4.0,,MD,0
69729,NCEDCB,2000,9,21,1,37,51.5,,36.80,37.08,,,,10,,4.0,,MD,830
69730,NCEDCB,2000,9,21,3,26,51.46,,33.21,37.06,,,,33,,4.1,,!ML,728
52871,IRIS,2000,9,29,10,53,4,,34.34,27.81,,,,10,,4.6,,MD,261
52845,IRIS,2000,10,13,6,10,56,,34.13,36.81,,,,33,,4.0,,MD,0
44139,GII,2000,10,19,18,16,52.696,,33.27,34.81,,,,25,,4.1,,MB,729
37628,EMEC,2000,11,3,21,19,1,,32.74,28.94,,,,25,,4.2,,MW,0
37683,EMEC,2000,12,10,9,9,1,,35.31,36.32,,,,9,,4.1,,MW,730
37693,EMEC,2000,12,16,14,27,1,,33.17,33.56,,,,37,,4.4,,MW,378
52796,IRIS,2000,12,18,1,37,35,,32.94,34.82,,,,135,,4.3,,MB,513
52794,IRIS,2000,12,18,12,19,31,,36.04,37.33,,,,9,,4.2,,MD,642
37701,EMEC,2000,12,25,1,58,1,,34.76,28.10,,,,6,,4.1,,MW,0
69751,NCEDCB,2000,12,25,1,58,58.67,,35.01,28.61,,,,10,,4.7,,ML,225
52788,IRIS,2000,12,29,10,13,33,,30.94,30.38,,,,27,,4.0,,MD,0
44146,GII,2001,1,5,19,3,38.55,,32.94,27.88,,,,5,,4.3,,MB,514
52766,IRIS,2001,1,17,12,23,11,,36.53,30.22,,,,33,,4.1,,MD,731
37739,EMEC,2001,1,25,12,7,1,,34.14,35.97,,,,15,,4.1,,MW,0
52748,IRIS,2001,1,27,8,11,0,,34.88,37.08,,,,10,,4.3,,MB,0
37749,EMEC,2001,2,2,9,51,1,,30.24,37.70,,,,33,,4.5,,MW,317
44148,GII,2001,2,7,3,39,0.631,,34.92,29.26,,,,9,,4.3,,MB,517
52708,IRIS,2001,3,5,2,19,48,,30.52,32.99,,,,33,,4.3,,MD,0
69764,NCEDCB,2001,3,7,14,19,19.11,,30.69,35.12,,,,10,,4.0,,MD,759
52688,IRIS,2001,4,2,11,28,59,,30.86,31.76,,,,25,,4.6,,MD,264
37816,EMEC,2001,4,11,8,27,1,,36.12,35.97,,,,20,,4.0,,MW,0
64457,KOERI,2001,4,23,0,39,1.8,,32.73,35.25,,,,12,,4.3,,MD,520
37822,EMEC,2001,4,29,12,41,1,,35.82,33.85,,,,5,,4.0,,MW,834
64449,KOERI,2001,4,29,12,42,15.8,,35.24,35.71,,,,14,,4.6,,MD,0
52672,IRIS,2001,4,29,21,36,49,,35.95,34.24,,,,30.3,,4.0,,MD,0
44161,GII,2001,5,15,13,40,56.85,,32.21,34.50,,,,15,,4.1,,MB,735
52650,IRIS,2001,5,26,3,7,3,,34.96,26.97,,,,10,,4.4,,MD,0
52639,IRIS,2001,6,12,13,43,25,,31.24,29.86,,,,10,,4.6,,ML,266
44167,GII,2001,6,16,15,4,53.876,,32.72,33.78,,,,25,,4.2,,MB,0
37881,EMEC,2001,6,23,13,37,1,,34.10,36.02,,,,21,,4.0,,MW,835
69788,NCEDCB,2001,6,25,13,28,46.51,,36.21,37.24,,,,5,,5.5,,MWC,76
52625,IRIS,2001,6,29,1,23,7,,34.90,27.44,,,,20.2,,4.2,,MD,0
52621,IRIS,2001,7,5,17,49,24,,38.85,36.14,,,,33,,4.4,,MD,0
52597,IRIS,2001,7,31,10,9,42,,35.53,36.83,,,,33,,4.2,,MD,649
44171,GII,2001,8,4,15,30,23.156,,34.79,28.79,,,,5,,4.3,,MB,521
52589,IRIS,2001,8,8,8,5,22,,34.76,27.98,,,,5,,4.0,,MD,0
37968,EMEC,2001,8,19,14,35,1,,31.17,35.47,,,,29,,4.0,,MW,837
64393,KOERI,2001,8,19,14,35,28.9,,31.69,35.34,,,,5,,4.1,,MD,736
69798,NCEDCB,2001,8,20,16,31,50.06,,34.10,27.37,,,,10,,4.6,,ML,267
52576,IRIS,2001,8,20,18,4,51,,34.08,26.91,,,,6,,4.1,,MD,0
44175,GII,2001,8,28,5,11,19.58,,34.11,34.43,,,,25,,4.2,,MB,651
52569,IRIS,2001,8,28,8,52,49,,34.89,26.89,,,,10,,4.6,,MD,268
37979,EMEC,2001,9,1,19,22,1,,33.78,34.96,,,,64,,4.5,,MW,319
44182,GII,2001,10,8,11,25,51.984,,35.28,30.47,,,,9,,4.3,,MB,0
38035,EMEC,2001,10,18,15,50,1,,35.21,36.90,,,,33,,4.6,,MW,270
38049,EMEC,2001,11,1,20,54,1,,32.09,34.51,,,,999,,5.2,,MW,122
64351,KOERI,2001,11,4,17,24,21.6,,30.18,35.48,,,,2,,4.2,,MD,0
38053,EMEC,2001,11,5,1,40,1,,31.12,36.49,,,,40,,4.3,,MW,522
69822,NCEDCB,2001,11,7,4,5,3.24,,34.48,27.69,,,,10,,4.4,,ML,0
64347,KOERI,2001,11,10,2,23,56.8,,32.57,35.24,,,,8,,4.4,,MD,386
44187,GII,2001,11,14,19,41,17.379,,32.14,30.22,,,,25,,4.0,,MD,0
52492,IRIS,2001,11,15,16,15,22,,31.41,35.60,,,,62,,4.3,,MB,523
44188,GII,2001,11,20,7,42,48.307,,34.17,30.31,,,,2,,4.1,,MD,737
38105,EMEC,2001,12,17,4,25,1,,30.90,29.64,,,,10,,4.4,,MW,0
38106,EMEC,2001,12,17,4,26,1,,32.23,36.15,,,,11,,4.8,,MW,204
44191,GII,2001,12,19,7,19,24.509,,33.29,28.68,,,,6,,4.3,,MB,0
38109,EMEC,2001,12,21,18,14,1,,35.65,35.17,,,,14,,4.0,,MW,0
52446,IRIS,2001,12,29,12,24,17,,34.68,28.13,,,,11.6,,4.5,,MB,320
64317,KOERI,2002,1,11,10,37,2.7,,35.42,34.52,,,,10,,4.0,,MD,838
38129,EMEC,2002,1,17,2,48,1,,31.40,37.50,,,,33,,4.3,,MW,524
52417,IRIS,2002,1,17,14,58,34,,39.47,32.06,,,,15,,4.3,,ML,0
38133,EMEC,2002,1,20,19,55,1,,30.00,37.00,,,,999,,4.6,,MW,271
52394,IRIS,2002,2,13,5,43,22,,34.89,26.81,,,,10,,4.4,,MD,388
44199,GII,2002,2,21,4,27,4.678,,32.34,33.19,,,,25,,4.3,,MB,526
44201,GII,2002,2,25,7,26,45.381,,35.66,28.10,,,,1,,4.3,,MB,528
52376,IRIS,2002,3,5,5,22,7,,35.90,36.70,,,,10,,4.9,,MB,169
52372,IRIS,2002,3,9,1,24,28,,35.75,34.08,,,,9,,4.0,,!ML,839
44202,GII,2002,3,11,1,26,8.722,,34.79,28.95,,,,14,,4.3,,MB,529
44204,GII,2002,3,25,18,33,59.355,,33.49,34.50,,,,25,,4.2,,MB,655
38202,EMEC,2002,3,26,19,11,1,,31.28,35.35,,,,10,,4.4,,MW,391
38207,EMEC,2002,4,3,22,57,1,,30.51,37.76,,,,49,,4.4,,MW,392
44205,GII,2002,4,9,20,25,14.199,,33.86,27.25,,,,5,,4.3,,MB,531
38222,EMEC,2002,4,10,2,20,1,,30.98,36.27,,,,10,,4.2,,MW,656
44206,GII,2002,4,25,22,34,54.856,,32.75,34.91,,,,25,,4.2,,MB,657
38248,EMEC,2002,4,30,23,41,1,,34.62,36.85,,,,10,,4.1,,MW,738
38249,EMEC,2002,5,1,20,51,1,,30.48,36.49,,,,29,,4.2,,MW,658
52278,IRIS,2002,6,8,9,42,6,,30.84,37.30,,,,118.7,,4.5,,MD,321
44211,GII,2002,6,10,10,6,19.607,,37.80,34.80,,,,10,,4.2,,MB,0
52258,IRIS,2002,6,26,22,31,39,,36.27,37.72,,,,5,,4.1,,MD,740
64203,KOERI,2002,6,27,15,17,2.1,,35.91,37.35,,,,15,,4.0,,MD,841
52254,IRIS,2002,6,30,1,59,16,,31.55,35.55,,,,64.5,,4.8,,MD,207
52249,IRIS,2002,7,4,2,31,2,,30.00,37.34,,,,12,,4.0,,MD,0
52247,IRIS,2002,7,5,13,46,20,,35.59,32.12,,,,6,,4.0,,MC,842
52223,IRIS,2002,7,24,20,27,58,,32.54,35.46,,,,80.8,,4.0,,MD,843
44219,GII,2002,8,1,4,6,43.966,,34.18,27.86,,,,10,,4.0,,MD,844
38371,EMEC,2002,8,23,4,10,1,,37.24,37.21,,,,5,,4.2,,MW,662
69867,NCEDCB,2002,8,24,20,1,18.37,,31.41,30.20,,,,10,,4.4,,MB,0
38400,EMEC,2002,9,8,19,57,1,,37.93,35.87,,,,25,,4.5,,MW,322
69869,NCEDCB,2002,9,8,19,57,51.8,,37.23,35.24,,,,9.8,,5.0,,ML,155
52187,IRIS,2002,9,9,17,50,0,,36.83,36.65,,,,33,,4.9,,MD,170
44221,GII,2002,9,23,20,29,15.53,,35.30,27.09,,,,3,,4.3,,MB,533
52168,IRIS,2002,9,29,11,44,32,,35.08,36.94,,,,6,,4.4,,MB,394
52167,IRIS,2002,9,29,21,51,2,,38.84,36.15,,,,6,,4.0,,MD,0
44223,GII,2002,10,3,3,46,28.135,,36.21,34.63,,,,19,,4.2,,MB,0
52161,IRIS,2002,10,5,23,11,39,,33.83,35.18,,,,25,,4.4,,MD,396
52159,IRIS,2002,10,6,3,49,7,,33.37,35.76,,,,48.6,,5.3,,MD,109
52153,IRIS,2002,10,11,7,21,37,,31.18,36.61,,,,18,,4.2,,MB,663
69879,NCEDCB,2002,10,18,19,32,16.94,,30.42,36.47,,,,80.1,,4.1,,MD,743
38452,EMEC,2002,10,25,1,56,1,,32.64,35.18,,,,68,,4.4,,MW,398
44229,GII,2002,11,11,16,43,32.671,,34.86,28.39,,,,5,,4.3,,MB,534
52126,IRIS,2002,11,11,19,13,12,,39.71,34.91,,,,5,,4.5,,MD,0
44234,GII,2002,11,19,5,16,36.44,,34.77,27.90,,,,4,,4.5,,MB,323
52100,IRIS,2002,11,21,14,24,35,,37.03,33.76,,,,12,,4.1,,!ML,0
38511,EMEC,2002,11,22,1,34,1,,36.31,35.96,,,,14,,4.1,,MW,744
52073,IRIS,2002,12,4,12,50,23,,30.82,36.01,,,,33,,4.2,,MB,664
38530,EMEC,2002,12,14,1,2,1,,36.20,37.52,,,,10,,4.8,,MW,209
52047,IRIS,2002,12,19,7,13,4,,34.17,27.65,,,,6,,4.0,,MD,0
51988,IRIS,2003,1,29,0,33,21,,32.13,35.38,,,,29,,4.4,,MD,400
38606,EMEC,2003,2,26,3,8,1,,36.27,35.86,,,,10,,4.4,,MW,402
51954,IRIS,2003,3,5,14,33,44,,36.02,34.08,,,,4.9,,4.0,,!ML,847
51924,IRIS,2003,3,31,9,29,12,,30.80,36.01,,,,10,,4.0,,MD,849
69920,NCEDCB,2003,4,10,5,12,43.7,,32.14,34.34,,,,25,,4.0,,!ML,850
69922,NCEDCB,2003,4,13,18,48,3.35,,38.12,36.57,,,,5.9,,4.0,,MD,0
44256,GII,2003,4,18,5,38,56.772,,34.80,28.73,,,,5,,4.3,,MB,540
38682,EMEC,2003,5,3,11,22,1,,31.57,36.93,,,,11,,5.5,,MW,78
38703,EMEC,2003,5,13,19,52,1,,34.44,35.02,,,,46,,4.8,,MW,210
38891,EMEC,2003,6,4,9,14,1,,31.95,27.11,,,,10,,4.0,,MW,0
51833,IRIS,2003,6,7,20,43,5,,35.74,34.28,,,,30.1,,4.5,,ML,328
38906,EMEC,2003,6,8,21,38,1,,30.77,35.97,,,,16,,4.3,,MW,542
51809,IRIS,2003,7,12,9,22,12,,34.73,27.62,,,,8,,4.2,,MB,0
38987,EMEC,2003,7,17,6,30,1,,31.18,35.47,,,,58,,4.5,,MW,329
51794,IRIS,2003,7,22,17,33,28,,36.36,35.83,,,,11.5,,4.0,,MD,853
44266,GII,2003,7,23,16,36,48.203,,34.79,28.82,,,,2,,4.4,,MB,406
51784,IRIS,2003,8,2,6,41,2,,32.59,36.64,,,,15.9,,4.3,,MD,0
51778,IRIS,2003,8,12,23,49,14,,35.81,37.43,,,,9,,4.0,,MD,748
69946,NCEDCB,2003,9,3,21,3,15.89,,36.24,37.78,,,,10,,4.2,,MB,544
51740,IRIS,2003,9,21,14,42,56,,36.51,33.76,,,,9.6,,4.2,,ML,545
51737,IRIS,2003,9,22,19,5,43,,34.89,37.13,,,,27,,4.2,,MB,546
44274,GII,2003,10,11,2,27,58.716,,33.63,27.64,,,,5,,4.1,,MB,0
44277,GII,2003,10,23,14,39,2.32,,34.70,33.88,,,,25,,4.2,,MB,547
39171,EMEC,2003,11,3,13,55,1,,33.07,34.62,,,,26,,4.3,,MW,408
69966,NCEDCB,2003,11,19,4,32,23.3,,36.19,37.28,,,,10,,4.4,,ML,330
51672,IRIS,2003,12,3,16,47,33,,36.12,36.28,,,,10.5,,4.5,,MD,277
51665,IRIS,2003,12,12,0,20,20,,32.95,35.29,,,,11,,4.0,,MD,751
63782,KOERI,2003,12,17,10,55,39,,40.75,36.66,,,,1,,4.0,,MD,0
44281,GII,2003,12,25,8,7,21.72,,34.55,27.95,,,,5,,4.2,,MB,548
44282,GII,2003,12,25,8,10,4.554,,34.06,28.13,,,,18,,4.3,,MB,410
44283,GII,2003,12,26,15,16,12.852,,34.25,27.14,,,,5,,4.2,,MB,0
39242,EMEC,2003,12,30,4,7,1,,31.61,33.66,,,,27,,4.3,,MW,0
39253,EMEC,2004,1,12,20,9,1,,32.01,34.48,,,,25,,4.0,,MW,752
44286,GII,2004,1,31,1,53,10.421,,33.90,34.59,,,,25,,4.2,,MB,549
44287,GII,2004,2,8,11,21,16.934,,36.64,33.74,,,,1,,4.2,,MB,551
39291,EMEC,2004,2,11,8,15,1,,35.56,31.70,,,,17,,5.3,,MW,93
44293,GII,2004,2,23,17,41,57.178,,33.48,27.23,,,,6,,4.2,,MB,0
39348,EMEC,2004,2,25,22,1,1,,30.53,35.96,,,,11,,4.8,,MW,176
39357,EMEC,2004,2,28,16,32,1,,30.40,37.22,,,,30,,4.2,,MW,552
51569,IRIS,2004,3,3,21,0,23,,31.53,35.80,,,,25,,4.2,,MB,553
39394,EMEC,2004,3,23,8,58,1,,30.94,34.60,,,,27,,4.3,,MW,411
70021,NCEDCB,2004,4,21,8,39,10.9,,33.81,26.87,,,,10,,4.3,,ML,0
44299,GII,2004,5,1,17,13,59.28,,34.59,28.18,,,,6,,4.0,,MD,755
51501,IRIS,2004,5,9,3,55,44,,34.77,36.75,,,,5,,4.2,,MB,554
39463,EMEC,2004,5,18,2,31,1,,33.21,34.52,,,,10,,4.4,,MW,332
39475,EMEC,2004,5,28,10,14,1,,36.31,37.49,,,,11,,4.1,,MW,669
39484,EMEC,2004,6,3,9,32,1,,34.41,27.14,,,,7,,4.4,,MW,333
44318,GII,2004,6,7,13,45,49.311,,36.58,33.75,,,,2,,4.3,,MB,412
39496,EMEC,2004,6,12,17,45,1,,31.12,35.46,,,,49,,4.2,,MW,556
44321,GII,2004,6,16,15,24,55.754,,33.96,27.95,,,,4,,4.1,,MB,0
39503,EMEC,2004,6,22,14,38,1,,36.98,27.82,,,,10,,5.1,,MW,128
44324,GII,2004,6,23,3,4,32.672,,37.53,27.19,,,,6,,4.8,,MB,178
51420,IRIS,2004,7,4,20,10,33,,35.84,37.09,,,,14.9,,4.5,,MD,281
51419,IRIS,2004,7,6,6,15,42,,34.95,37.17,,,,28,,4.1,,MB,0
51402,IRIS,2004,7,23,23,19,23,,36.03,37.52,,,,23.1,,4.2,,ML,557
51401,IRIS,2004,7,25,3,15,1,,32.90,37.58,,,,5,,4.0,,MD,757
51389,IRIS,2004,8,1,21,22,51,,36.61,36.66,,,,3.6,,4.3,,MD,413
51387,IRIS,2004,8,5,17,39,24,,34.33,27.63,,,,20.2,,4.2,,ML,558
44331,GII,2004,8,8,12,42,30.749,,35.26,32.47,,,,10,,4.3,,MB,414
39609,EMEC,2004,8,18,5,57,1,,34.35,36.81,,,,8,,4.5,,MW,282
70092,NCEDCB,2004,8,30,17,23,22.04,,36.39,24.69,,,,10,,4.3,,MB,415
39624,EMEC,2004,9,1,11,6,1,,32.54,34.61,,,,12,,4.1,,MW,670
51328,IRIS,2004,9,30,10,31,32,,30.66,35.89,,,,80.3,,4.3,,MB,416
39681,EMEC,2004,10,4,16,52,1,,30.32,36.94,,,,6,,4.4,,MW,334
44337,GII,2004,10,13,13,19,37.125,,33.97,34.68,,,,25,,4.2,,MB,562
39696,EMEC,2004,10,15,6,13,1,,31.61,35.73,,,,71,,4.0,,MW,758
39697,EMEC,2004,10,16,15,28,1,,33.24,34.33,,,,44,,4.8,,MW,179
44339,GII,2004,10,28,7,10,31.909,,34.42,29.95,,,,13,,4.2,,MB,0
70116,NCEDCB,2004,10,29,14,55,34.32,,31.98,34.49,,,,25,,4.1,,!ML,671
51274,IRIS,2004,11,14,20,41,45,,30.93,36.56,,,,71.3,,4.3,,MB,418
51261,IRIS,2004,11,26,3,28,50,,40.42,35.79,,,,28,,4.3,,MD,0
44344,GII,2004,11,26,18,7,50.687,,34.95,28.89,,,,10,,4.1,,MB,0
39820,EMEC,2004,12,25,20,22,1,,32.13,34.47,,,,47,,4.3,,MW,419
39870,EMEC,2005,1,25,16,5,1,,35.23,36.65,,,,24,,4.1,,MW,672
39886,EMEC,2005,1,27,12,16,1,,37.60,34.47,,,,10,,4.2,,MW,565
51172,IRIS,2005,1,28,17,9,57,,34.19,36.52,,,,10.4,,4.1,,MB,0
44350,GII,2005,2,7,10,26,59.398,,35.49,31.16,,,,11,,4.3,,MB,421
44351,GII,2005,2,12,8,3,46.3,,35.18,28.90,,,,5,,4.3,,MB,422
51144,IRIS,2005,2,25,0,8,57,,30.75,36.02,,,,100.3,,4.2,,MB,566
44356,GII,2005,4,14,14,30,12.86,,36.29,35.83,,,,3,,4.2,,MB,568
44357,GII,2005,4,15,6,24,42.169,,32.83,33.09,,,,25,,4.3,,MB,0
70179,NCEDCB,2005,4,16,19,55,12.88,,31.91,29.62,,,,10,,4.4,,MB,337
40050,EMEC,2005,4,16,23,44,1,,32.47,35.13,,,,65,,4.2,,MW,569
44359,GII,2005,5,4,19,47,12.472,,34.23,27.36,,,,6,,4.1,,MB,673
51044,IRIS,2005,5,14,0,38,44,,37.56,37.20,,,,5.1,,4.0,,!ML,760
40098,EMEC,2005,5,14,23,46,1,,31.54,35.66,,,,60,,5.2,,MW,112
70197,NCEDCB,2005,5,24,9,40,12.6,,39.21,35.37,,,,10,,4.8,,ML,181
44360,GII,2005,6,1,3,27,28.546,,35.41,31.29,,,,11,,4.3,,MB,424
40211,EMEC,2005,7,6,12,35,1,,33.85,34.99,,,,71,,4.0,,MW,761
50957,IRIS,2005,7,6,21,31,42,,30.86,35.85,,,,33,,4.1,,MB,675
44364,GII,2005,7,7,14,45,55.278,,34.71,28.99,,,,15,,4.0,,MD,0
50940,IRIS,2005,7,14,7,16,56,,30.98,37.05,,,,131,,4.3,,ML,426
44366,GII,2005,7,23,14,56,11.737,,34.79,27.54,,,,6,,4.2,,MB,570
40243,EMEC,2005,7,24,11,36,1,,36.03,36.96,,,,22,,4.1,,MW,676
40263,EMEC,2005,7,31,16,16,1,,31.10,29.75,,,,33,,4.1,,MW,0
50882,IRIS,2005,8,19,2,42,50,,32.70,34.85,,,,61.4,,4.1,,MD,677
70227,NCEDCB,2005,8,29,23,43,21.24,,30.92,34.78,,,,25,,4.1,,MB,0
70236,NCEDCB,2005,9,29,21,50,30.56,,33.74,35.13,,,,46,,4.0,,MD,762
70237,NCEDCB,2005,10,3,4,5,25.61,,35.51,31.78,,,,10,,4.4,,MB,338
44372,GII,2005,10,17,2,18,51.88,,33.00,34.74,,,,25,,4.2,,MB,572
50748,IRIS,2005,10,28,17,1,34,,33.59,27.62,,,,13.5,,4.0,,!ML,763
50737,IRIS,2005,11,2,21,15,23,,36.31,37.13,,,,8.4,,4.2,,MD,573
40457,EMEC,2005,11,6,12,21,1,,30.43,37.04,,,,43,,4.1,,MW,678
44376,GII,2005,12,31,13,58,54.83,,33.09,28.93,,,,6,,4.4,,MB,339
70257,NCEDCB,2006,1,22,14,26,21.78,,34.77,36.67,,,,4,,4.3,,ML,430
70258,NCEDCB,2006,1,24,17,0,10.4,,30.55,36.61,,,,10,,4.3,,MB,431
70260,NCEDCB,2006,1,26,18,42,1,,35.94,36.90,,,,18.1,,4.4,,MB,340
70261,NCEDCB,2006,1,29,23,46,33.67,,30.76,32.14,,,,10,,4.1,,!ML,679
44378,GII,2006,2,2,9,49,41.679,,34.90,27.24,,,,5,,5.0,,MB,143
70262,NCEDCB,2006,2,2,9,49,49.9,,34.41,27.88,,,,2,,5.2,,ML,114
44379,GII,2006,2,4,14,46,4.927,,32.16,34.39,,,,28,,4.2,,MB,577
44380,GII,2006,2,21,0,41,6.797,,35.55,35.95,,,,6,,4.1,,MB,680
70272,NCEDCB,2006,3,15,21,6,42,,37.60,37.45,,,,6.2,,4.2,,ML,578
40686,EMEC,2006,3,29,22,5,1,,35.44,35.30,,,,10,,5.0,,MW,144
62956,KOERI,2006,4,6,15,33,1.5,,34.72,37.33,,,,1,,4.1,,MB,681
44387,GII,2006,4,14,6,0,40.73,,35.20,34.16,,,,2,,4.3,,MB,433
70279,NCEDCB,2006,4,23,4,0,29,,36.80,37.49,,,,15.6,,4.1,,!ML,682
70280,NCEDCB,2006,4,23,21,4,21,,30.73,37.20,,,,114.4,,4.1,,MD,683
50346,IRIS,2006,5,23,16,59,37,,35.78,36.37,,,,14.3,,4.1,,MD,0
70301,NCEDCB,2006,7,1,11,26,32.06,,30.60,34.91,,,,53.4,,4.2,,MB,0
70311,NCEDCB,2006,7,24,23,4,57,,38.68,37.51,,,,6.9,,4.1,,!ML,684
70312,NCEDCB,2006,7,27,23,22,50,,30.04,37.07,,,,5,,4.0,,!ML,764
70313,NCEDCB,2006,7,30,1,54,55.85,,35.56,26.26,,,,10,,5.4,,MS,81
70317,NCEDCB,2006,8,14,12,18,25,,30.93,35.90,,,,67.7,,4.1,,MD,687
50139,IRIS,2006,8,31,3,7,24,,38.20,35.12,,,,13,,4.3,,ML,435
50137,IRIS,2006,8,31,11,24,48,,36.28,29.82,,,,10,,4.4,,MB,341
70322,NCEDCB,2006,9,9,4,58,8,,35.49,32.02,,,,1,,4.5,,MB,286
41033,EMEC,2006,9,19,0,28,1,,35.74,36.06,,,,10,,4.2,,MW,580
70331,NCEDCB,2006,9,29,9,42,9,,32.32,36.85,,,,16.3,,4.9,,MS,160
41060,EMEC,2006,10,15,1,35,1,,33.93,34.87,,,,45,,4.8,,MW,184
70340,NCEDCB,2006,11,8,4,32,9.99,,31.65,28.61,,,,1.5,,4.5,,MB,0
49980,IRIS,2006,12,10,21,22,44,,38.70,36.28,,,,3.3,,4.0,,MD,0
41163,EMEC,2006,12,18,3,9,1,,30.36,36.93,,,,11,,4.0,,MW,0
41187,EMEC,2006,12,31,18,57,1,,32.31,34.31,,,,50,,4.3,,MW,436
70366,NCEDCB,2007,1,18,19,57,55.53,,31.25,35.30,,,,54.9,,4.6,,MB,241
49853,IRIS,2007,2,2,15,46,17,,34.12,36.29,,,,25.3,,4.1,,MB,688
70374,NCEDCB,2007,2,3,7,3,0,,35.46,36.95,,,,27.4,,5.9,,ML,39
70375,NCEDCB,2007,2,7,5,25,14,,29.95,36.57,,,,56.3,,4.5,,MB,287
70379,NCEDCB,2007,2,14,5,39,24,,30.68,36.93,,,,91.8,,4.2,,MD,583
49785,IRIS,2007,3,6,1,48,1,,32.54,37.36,,,,4.4,,4.2,,MB,584
49771,IRIS,2007,3,11,18,5,4,,39.82,35.76,,,,7.5,,4.3,,MD,438
49750,IRIS,2007,3,22,7,9,19,,31.40,35.82,,,,23.2,,4.1,,MB,689
49715,IRIS,2007,4,7,17,42,15,,30.34,30.25,,,,10,,4.1,,MB,0
44420,GII,2007,4,13,22,2,13.43,,34.86,27.71,,,,6,,4.3,,MB,439
49691,IRIS,2007,4,20,7,25,27,,31.97,32.49,,,,10,,4.0,,!MB,768
49686,IRIS,2007,4,22,12,52,7,,29.96,35.78,,,,43.6,,4.4,,MB,346
49661,IRIS,2007,5,5,22,8,7,,36.61,36.61,,,,7.2,,4.0,,MD,769
70397,NCEDCB,2007,5,9,18,45,19.77,,34.98,26.67,,,,10,,4.6,,MB,242
70399,NCEDCB,2007,5,14,23,3,49.59,,35.71,37.53,,,,6.5,,4.1,,!ML,690
70400,NCEDCB,2007,5,18,23,27,44,,33.28,37.31,,,,6.4,,4.5,,MB,288
49627,IRIS,2007,5,20,22,1,45,,33.65,27.18,,,,10,,4.3,,MB,0
49591,IRIS,2007,6,13,21,54,36,,35.75,35.99,,,,6.9,,4.2,,MB,585
70402,NCEDCB,2007,6,17,23,1,24.41,,40.34,35.40,,,,10,,4.1,,MB,0
49564,IRIS,2007,6,25,7,18,9,,34.77,28.69,,,,6.8,,4.0,,!ML,770
49521,IRIS,2007,7,20,8,7,31,,39.92,36.28,,,,8.1,,4.1,,MD,691
49511,IRIS,2007,7,24,0,25,5,,32.19,35.65,,,,35,,4.0,,MD,771
49504,IRIS,2007,7,26,9,28,17,,33.13,34.97,,,,59.2,,5.4,,MS,82
44434,GII,2007,7,29,0,6,39.623,,32.84,34.42,,,,10,,4.0,,MD,0
70407,NCEDCB,2007,8,6,5,26,4,,31.39,36.03,,,,10.4,,4.2,,MB,586
49477,IRIS,2007,8,11,0,15,20,,32.30,34.67,,,,5.5,,4.1,,MB,692
49465,IRIS,2007,8,17,6,9,17,,30.99,35.70,,,,16.4,,4.1,,MB,693
49419,IRIS,2007,9,13,2,35,34,,31.73,31.81,,,,10,,4.3,,MB,441
49413,IRIS,2007,9,15,23,28,49,,36.94,37.79,,,,10.8,,4.7,,MB,215
49334,IRIS,2007,10,30,14,43,0,,30.83,30.04,,,,10,,4.2,,MB,0
70429,NCEDCB,2007,11,3,3,43,6,,31.13,36.81,,,,88.1,,4.8,,MD,185
49311,IRIS,2007,11,13,19,45,19,,31.22,32.18,,,,35,,4.3,,MB,444
49303,IRIS,2007,11,15,21,35,34,,34.46,36.99,,,,10,,4.1,,!ML,696
44458,GII,2007,11,23,22,19,54.34,,34.94,31.86,,,,13,,4.3,,MB,445
49272,IRIS,2007,11,26,15,49,35,,30.25,35.33,,,,35,,4.1,,MB,0
70438,NCEDCB,2007,12,2,1,40,22,,31.10,37.30,,,,88.8,,4.2,,MD,587
44461,GII,2007,12,2,7,38,14.208,,35.55,31.67,,,,9,,4.3,,MB,446
44462,GII,2007,12,7,15,27,51.872,,33.02,28.34,,,,15,,4.3,,MB,0
49242,IRIS,2007,12,10,6,27,11,,34.56,28.16,,,,10,,4.3,,MB,447
70446,NCEDCB,2007,12,11,8,38,8.9,,34.87,28.84,,,,1,,4.3,,MD,448
70454,NCEDCB,2008,1,1,0,21,41,,35.74,37.57,,,,5,,4.2,,MB,588
49119,IRIS,2008,1,19,13,55,18,,31.32,35.51,,,,10,,4.1,,MB,698
49101,IRIS,2008,1,25,2,45,44,,40.79,36.40,,,,10,,4.0,,MD,775
49092,IRIS,2008,1,31,1,47,25,,37.81,35.15,,,,8.8,,4.0,,MD,776
44475,GII,2008,2,15,10,36,17.239,,35.41,33.33,,,,3,,5.1,,MB,132
70459,NCEDCB,2008,2,19,3,58,57,,31.57,35.98,,,,9.9,,4.3,,ML,450
49022,IRIS,2008,2,21,9,9,24,,38.51,37.60,,,,3.1,,4.0,,!ML,777
49002,IRIS,2008,2,27,3,28,21,,39.72,35.62,,,,9.5,,4.0,,!ML,778
48922,IRIS,2008,3,17,23,33,6,,31.44,30.12,,,,10,,4.3,,ML,451
44485,GII,2008,3,23,23,54,39.484,,35.24,27.35,,,,10,,4.2,,MB,591
70472,NCEDCB,2008,4,4,14,5,17.7,,35.07,28.72,,,,1,,4.4,,MB,349
48829,IRIS,2008,4,12,1,30,18,,36.95,28.01,,,,10,,4.3,,MB,0
48796,IRIS,2008,4,23,2,3,5,,31.52,35.12,,,,13.7,,4.3,,MD,453
70478,NCEDCB,2008,5,3,3,20,53,,36.60,36.67,,,,12.2,,4.3,,MB,454
48740,IRIS,2008,5,13,5,21,8,,40.43,36.18,,,,13.5,,4.0,,MD,781
44497,GII,2008,5,29,6,10,43.601,,33.40,27.76,,,,15,,4.1,,MB,0
44498,GII,2008,5,29,7,16,12.986,,34.34,27.29,,,,10,,4.3,,MB,455
48682,IRIS,2008,5,29,7,16,23,,34.69,27.96,,,,14.5,,4.3,,MB,456
70491,NCEDCB,2008,6,6,0,12,49.73,,32.82,34.38,,,,10,,4.3,,MB,457
48586,IRIS,2008,6,19,1,39,46,,32.22,34.88,,,,15.1,,4.0,,!MB,782
70506,NCEDCB,2008,6,21,17,59,46.95,,30.64,29.78,,,,6.2,,4.5,,ML,0
48496,IRIS,2008,7,21,1,20,45,,31.12,36.99,,,,106.2,,4.0,,!ML,783
70529,NCEDCB,2008,8,3,16,1,18.6,,29.96,37.18,,,,4.4,,4.0,,!ML,0
70533,NCEDCB,2008,8,12,6,44,54,,31.22,35.76,,,,5.2,,4.0,,!ML,784
70537,NCEDCB,2008,8,20,11,1,38,,37.46,37.71,,,,5,,4.4,,MB,351
70540,NCEDCB,2008,9,3,2,22,47,,38.50,37.51,,,,5.7,,5.0,,MWC,146
44513,GII,2008,9,10,1,58,25.228,,33.15,27.78,,,,5,,4.1,,MB,0
48323,IRIS,2008,9,28,11,32,14,,30.09,36.61,,,,53.9,,4.3,,MB,461
70558,NCEDCB,2008,10,19,14,7,59.68,,33.97,34.86,,,,26.2,,4.3,,MB,463
70560,NCEDCB,2008,10,19,22,20,51,,30.34,37.06,,,,100.6,,4.2,,MB,596
70561,NCEDCB,2008,10,23,1,52,47.19,,34.71,26.90,,,,10,,4.3,,MB,464
70566,NCEDCB,2008,11,2,21,25,28.07,,31.36,35.79,,,,5,,4.3,,MB,466
48231,IRIS,2008,11,4,21,48,14,,35.46,33.30,,,,12.5,,4.0,,!ML,789
48158,IRIS,2008,12,2,23,14,13,,32.72,37.12,,,,2.6,,4.1,,!ML,0
48110,IRIS,2008,12,23,16,4,30,,39.07,37.14,,,,1.2,,4.2,,MD,599
48079,IRIS,2009,1,3,19,11,43,,31.19,36.22,,,,14.8,,4.2,,MB,600
70570,NCEDCB,2009,1,12,2,4,35.07,,33.06,34.14,,,,10,,4.4,,MB,354
48060,IRIS,2009,1,13,10,54,1,,40.22,36.55,,,,14.3,,4.1,,MD,706
70571,NCEDCB,2009,1,17,7,45,26.8,,36.31,37.10,,,,5.6,,4.6,,MB,248
48021,IRIS,2009,2,8,1,42,54,,40.54,35.18,,,,5.3,,4.5,,ML,296
47977,IRIS,2009,2,26,8,53,43,,36.92,37.20,,,,3.1,,4.1,,!ML,708
47969,IRIS,2009,3,3,7,47,47,,31.74,35.82,,,,54.6,,4.2,,MB,601
47960,IRIS,2009,3,6,17,0,12,,33.43,35.56,,,,1.2,,4.0,,MD,794
47936,IRIS,2009,3,22,19,23,35,,35.73,37.48,,,,13.4,,4.0,,!ML,795
47897,IRIS,2009,4,17,11,4,0,,35.42,33.35,,,,6.5,,4.3,,MB,468
47894,IRIS,2009,4,18,16,16,12,,30.83,32.09,,,,8.2,,4.3,,MB,0
44536,GII,2009,5,6,6,49,6.66,,35.71,34.10,,,,11,,4.1,,MB,709
44539,GII,2009,5,10,17,28,27.868,,35.17,28.43,,,,7,,4.2,,MB,602
47824,IRIS,2009,5,18,13,25,41,,36.97,25.61,,,,10,,4.0,,!MB1,797
70581,NCEDCB,2009,5,19,17,35,1.07,,37.74,25.29,,,,5,,5.7,,MWB,59
47808,IRIS,2009,5,20,6,27,11,,30.97,35.85,,,,15.4,,4.3,,MB,470
47788,IRIS,2009,5,28,8,48,39,,37.51,27.36,,,,10,,4.2,,MB,0
47780,IRIS,2009,5,31,2,47,1,,31.35,34.99,,,,40.7,,4.2,,MB,603
44541,GII,2009,6,16,4,2,10.605,,34.64,27.26,,,,20,,4.2,,MB,0
70584,NCEDCB,2009,6,17,4,29,12,,36.02,36.05,,,,10.4,,5.0,,MB,147
70585,NCEDCB,2009,6,23,4,49,21,,30.05,35.97,,,,12.3,,4.5,,MB,300
47694,IRIS,2009,7,21,13,52,9,,37.65,35.79,,,,11.5,,4.0,,MD,0
70587,NCEDCB,2009,7,24,5,48,19,,35.69,37.55,,,,6.5,,4.8,,ML,192
47653,IRIS,2009,8,15,19,6,59,,34.39,35.96,,,,19.5,,4.0,,MD,0
47605,IRIS,2009,9,10,0,57,53,,36.59,36.64,,,,6.5,,4.0,,MD,799
47599,IRIS,2009,9,11,21,27,50,,32.27,34.60,,,,14.8,,4.0,,MD,800
70589,NCEDCB,2009,9,16,14,9,45.17,,33.13,34.78,,,,27.9,,4.8,,MB,193
70590,NCEDCB,2009,9,22,22,11,30.38,,30.82,36.65,,,,25.4,,4.3,,MB,473
47553,IRIS,2009,10,13,4,22,57,,36.08,37.09,,,,5.5,,4.1,,MB,718
47535,IRIS,2009,10,24,3,19,58,,30.42,35.09,,,,46.2,,4.3,,MD,474
70592,NCEDCB,2009,11,24,2,0,1.54,,30.03,35.98,,,,15.6,,4.5,,MB,303
47469,IRIS,2009,11,30,3,32,29,,30.62,36.07,,,,33,,4.5,,MD,304
47454,IRIS,2009,12,9,15,54,43,,38.42,37.65,,,,8.3,,4.0,,!ML,801
70593,NCEDCB,2009,12,22,6,6,23.43,,31.51,35.72,,,,63.5,,5.3,,MWC,103
47425,IRIS,2009,12,26,21,5,15,,30.81,34.77,,,,13.1,,4.1,,MD,720
44557,GII,2009,12,29,6,28,42.685,,34.63,28.82,,,,1,,4.2,,MB,0
47402,IRIS,2010,1,7,14,35,33,,30.03,36.62,,,,1,,4.3,,MB,0
47368,IRIS,2010,1,24,19,59,55,,35.64,37.55,,,,11.9,,4.3,,MB,478
47354,IRIS,2010,2,4,23,42,52,,32.01,36.15,,,,98.8,,4.8,,MD,194
47351,IRIS,2010,2,7,19,50,35,,40.37,35.19,,,,11.1,,4.0,,!ML,805
47345,IRIS,2010,2,14,4,19,11,,30.48,34.17,,,,35,,4.2,,MB,609
47321,IRIS,2010,2,21,12,31,23,,35.15,26.92,,,,12,,4.0,,!MB1,0
47295,IRIS,2010,3,7,23,28,55,,36.38,36.59,,,,2.5,,4.4,,MB,360
44563,GII,2010,3,9,19,58,3.441,,33.66,27.62,,,,15,,4.0,,MD,808
47283,IRIS,2010,3,12,14,48,55,,36.57,33.83,,,,2.3,,4.0,,MD,809
47275,IRIS,2010,3,14,6,46,3,,32.20,34.53,,,,17.4,,4.1,,MB,722
47255,IRIS,2010,3,21,11,30,10,,30.34,36.88,,,,8.7,,4.5,,ML,305
47213,IRIS,2010,4,12,23,1,59,,37.21,37.27,,,,6.7,,4.2,,MD,611
47175,IRIS,2010,4,30,17,3,0,,38.88,37.44,,,,6.3,,4.3,,ML,482
70597,NCEDCB,2010,5,10,18,2,4.37,,30.79,34.38,,,,38.3,,4.3,,MB,483
47145,IRIS,2010,5,15,20,12,23,,29.98,35.87,,,,16.5,,4.5,,ML,307
44572,GII,2010,5,30,18,12,44.623,,34.60,27.84,,,,10,,4.4,,MB,362
47107,IRIS,2010,6,7,21,45,9,,36.12,37.69,,,,12.2,,4.5,,ML,308
47073,IRIS,2010,6,23,15,43,15,,40.11,35.35,,,,10,,4.1,,!ML,0
47072,IRIS,2010,6,25,5,58,28,,30.49,36.22,,,,25.9,,4.0,,!ML,813
47068,IRIS,2010,7,5,22,5,18,,35.60,37.47,,,,14.1,,4.4,,MB,363
44575,GII,2010,7,15,11,25,54.97,,34.76,28.97,,,,9,,4.4,,MB,364
47049,IRIS,2010,7,20,6,2,31,,32.03,37.04,,,,0.1,,4.3,,MB,0
70599,NCEDCB,2010,7,21,20,12,19.28,,30.02,34.73,,,,38,,4.3,,MB,484
70600,NCEDCB,2010,7,25,17,6,20.31,,30.51,36.96,,,,10,,4.7,,ML,220
70601,NCEDCB,2010,7,27,16,7,43.94,,32.89,34.99,,,,35,,4.7,,ML,221
47024,IRIS,2010,7,30,7,2,16,,32.65,34.24,,,,16.1,,4.1,,MB,723
46993,IRIS,2010,8,20,6,45,27,,31.14,37.10,,,,107.3,,4.2,,MB,612
46964,IRIS,2010,9,17,10,1,52,,30.97,36.53,,,,72.3,,4.2,,MB,614
46937,IRIS,2010,10,15,5,33,11,,30.40,35.95,,,,45.8,,4.4,,MB,366
46923,IRIS,2010,10,26,22,8,27,,31.12,35.97,,,,54,,4.2,,MB,615
46921,IRIS,2010,10,28,0,31,24,,31.87,35.83,,,,35,,4.0,,MD,815
46905,IRIS,2010,11,9,10,15,28,,30.66,34.88,,,,27.2,,4.3,,MB,486
70604,NCEDCB,2010,11,14,23,8,25.4,,36.01,36.59,,,,2.6,,4.9,,MWC,165
70605,NCEDCB,2010,11,16,10,50,32,,36.42,37.31,,,,5.3,,4.8,,ML,199
46874,IRIS,2010,11,22,4,51,41,,35.43,37.67,,,,1.2,,4.3,,MB,0
70606,NCEDCB,2010,12,3,22,33,4.49,,30.05,34.79,,,,25.6,,4.3,,MB,487
46830,IRIS,2010,12,20,21,31,14,,38.58,35.20,,,,3.7,,4.8,,ML,200
44591,GII,2010,12,22,17,23,23.537,,34.91,27.30,,,,10,,4.2,,MB,618
46817,IRIS,2010,12,25,21,15,37,,35.22,33.99,,,,25.9,,4.2,,MB,0
44594,GII,2011,1,1,16,31,7.668,,35.63,32.66,,,,3,,4.2,,MB,619
46796,IRIS,2011,1,6,6,47,13,,30.77,32.38,,,,35,,4.3,,MB,0
46790,IRIS,2011,1,13,0,31,15,,36.80,35.18,,,,7.4,,4.1,,MB,724
46778,IRIS,2011,1,19,22,30,46,,31.23,36.07,,,,49.3,,4.3,,MB,489
46773,IRIS,2011,1,21,7,25,49,,31.73,35.42,,,,60.7,,4.6,,ML,253
70608,NCEDCB,2011,2,20,1,27,4.73,,34.02,27.82,,,,10,,4.5,,MB,309
46697,IRIS,2011,3,2,16,34,28,,36.96,34.71,,,,5,,4.0,,MD,816
46696,IRIS,2011,3,4,7,33,26,,34.55,34.93,,,,15.7,,4.2,,MB,622
46691,IRIS,2011,3,8,18,31,37,,34.50,35.90,,,,25.9,,4.3,,ML,490
70610,NCEDCB,2011,3,16,11,18,1.55,,30.48,37.31,,,,7.7,,4.6,,ML,254
46674,IRIS,2011,3,17,18,54,25,,36.27,35.72,,,,14.6,,4.3,,MB,491
46668,IRIS,2011,3,19,19,3,14,,37.75,37.76,,,,2.3,,4.0,,!ML,817
46667,IRIS,2011,3,20,5,29,59,,34.79,36.34,,,,16.4,,4.3,,MB,492
44604,GII,2011,3,26,16,25,15.516,,32.28,34.40,,,,10,,4.3,,MB,496
46656,IRIS,2011,3,30,9,9,5,,30.41,35.96,,,,59,,4.2,,MB,623
70612,NCEDCB,2011,4,23,5,22,11.06,,35.58,37.47,,,,10.4,,4.5,,MB,311
46624,IRIS,2011,4,24,0,28,15,,32.10,33.78,,,,14.7,,4.2,,MB,0
59889,KOERI,2011,4,28,20,29,5.01,,40.69,36.22,,,,5,,4.0,,MD,819
46594,IRIS,2011,5,14,17,35,49,,31.19,37.06,,,,125.5,,4.2,,MB,626
59855,KOERI,2011,5,22,2,12,7.17,,31.34,36.02,,,,60,,4.2,,ML,628
46572,IRIS,2011,6,9,0,58,8,,30.13,36.70,,,,78.1,,4.0,,MD,821
46551,IRIS,2011,6,19,23,37,11,,32.25,37.51,,,,9,,4.3,,MB,494
70614,NCEDCB,2011,6,22,23,43,15.48,,34.99,26.80,,,,10,,4.3,,MB,495
46544,IRIS,2011,6,26,14,57,11,,31.38,35.28,,,,32.8,,4.2,,MB,630
46540,IRIS,2011,6,28,9,29,17,,35.80,36.01,,,,5.7,,4.4,,MB,371
44609,GII,2011,6,30,10,50,26.347,,34.56,27.00,,,,1,,4.2,,MB,0
46513,IRIS,2011,7,23,20,30,0,,30.48,35.13,,,,12.9,,4.3,,MB,497
44610,GII,2011,7,29,20,28,42.89,,34.86,28.00,,,,2,,4.0,,MD,0
44612,GII,2011,8,7,8,52,28.47,,34.47,32.57,,,,30,,4.4,,MB,0
59792,KOERI,2011,8,7,8,52,30.57,,34.54,33.18,,,,5,,4.3,,ML,0
70619,NCEDCB,2011,9,7,13,30,18.84,,36.33,37.38,,,,6.8,,4.3,,MB,498
46417,IRIS,2011,9,23,14,3,19,,33.92,36.92,,,,8.2,,4.3,,MB,499
44614,GII,2011,10,13,17,14,15.794,,32.10,35.73,,,,30,,4.1,,MB,725
70621,NCEDCB,2011,10,15,8,27,2.7,,30.14,35.52,,,,19,,4.6,,ML,258
46386,IRIS,2011,10,21,16,36,40,,34.65,28.57,,,,17.1,,4.3,,MB,500
46352,IRIS,2011,11,12,2,20,10,,30.62,35.99,,,,51,,5.1,,MS,137
46340,IRIS,2011,11,20,5,16,6,,34.54,27.76,,,,6.3,,4.6,,MB,259
44624,GII,2011,12,4,20,55,21.167,,35.58,33.16,,,,11,,4.2,,MB,635
46312,IRIS,2011,12,15,6,38,0,,30.38,36.92,,,,66.6,,4.4,,MB,372
46251,IRIS,2012,1,29,17,29,50,,31.18,36.66,,,,70.7,,4.4,,ML,373
70624,NCEDCB,2012,1,30,17,4,28.77,,33.99,27.79,,,,28.4,,4.6,,MB,0
46245,IRIS,2012,1,31,12,46,59,,32.92,35.09,,,,53,,4.2,,MB1,637
46232,IRIS,2012,2,9,19,4,51,,32.41,35.70,,,,16.7,,4.5,,MD,313
46228,IRIS,2012,2,10,12,5,51,,31.94,32.24,,,,22.6,,4.8,,ML,0
46225,IRIS,2012,2,12,4,49,8,,38.68,37.48,,,,8.1,,4.3,,MB,504
70625,NCEDCB,2012,2,16,2,15,11.16,,30.56,29.87,,,,10,,4.3,,MB,505
46220,IRIS,2012,2,16,12,46,44,,32.26,30.93,,,,1,,4.0,,MD,0
46212,IRIS,2012,3,5,13,15,54,,38.89,36.18,,,,1.1,,4.0,,!ML,0
44633,GII,2012,3,12,2,31,31.601,,32.74,27.25,,,,32,,4.3,,MB,0
70627,NCEDCB,2012,3,13,10,44,48.78,,31.41,35.33,,,,9.4,,4.7,,ML,223
44634,GII,2012,3,22,4,17,3.772,,35.42,31.31,,,,23,,4.0,,MD,826
46180,IRIS,2012,3,27,17,58,2,,30.76,35.04,,,,45,,4.0,,!MB,0
70628,NCEDCB,2012,4,4,11,5,16.19,,37.05,36.93,,,,8.4,,4.4,,ML,374
46174,IRIS,2012,4,8,4,54,55,,31.09,37.23,,,,127.1,,4.1,,MB,0
44640,GII,2012,5,9,10,48,12.483,,32.97,34.61,,,,10,,4.4,,MB,375
44641,GII,2012,5,11,18,48,30.461,,34.20,34.30,,,,30,,5.2,,MB,118
70632,NCEDCB,2012,5,24,14,9,7.8,,29.95,35.90,,,,5,,4.4,,ML,0
44644,GII,2012,6,10,9,29,8.979,,33.90,27.15,,,,10,,4.3,,MB,509
44645,GII,2012,7,10,17,34,59.527,,35.35,33.32,,,,2,,4.1,,MB,727
70636,NCEDCB,2012,7,22,9,26,2.99,,36.38,37.55,,,,7.6,,5.0,,MB,152
59462,KOERI,2012,8,14,12,44,48.21,,30.97,37.18,,,,105.5,,4.0,,!ML,828
59448,KOERI,2012,9,6,11,6,23.29,,31.20,36.05,,,,7.9,,4.0,,!ML,829
44652,GII,2012,9,14,20,28,53.131,,34.74,27.64,,,,11,,4.0,,MD,0
70640,NCEDCB,2012,9,19,9,17,46.82,,37.10,37.31,,,,7,,5.3,,ML,107
70642,NCEDCB,2012,9,26,1,28,32.79,,29.97,34.77,,,,36.2,,4.6,,MB,0
44653,GII,2012,10,8,19,14,38.505,,35.06,29.26,,,,8,,4.2,,MB,0
46125,IRIS,2012,10,16,10,25,19,,35.69,37.46,,,,26.6,,4.5,,MB,314
70645,NCEDCB,2012,10,19,3,35,10.87,,30.98,32.54,,,,9.5,,5.1,,MB,0
70646,NCEDCB,2012,10,26,9,40,34.11,,31.35,36.59,,,,30,,4.3,,ML,510
44660,GII,2012,12,24,14,44,39.81,,35.09,29.91,,,,8,,4.4,,MB,0
70649,NCEDCB,2013,1,8,6,15,6.09,,37.99,37.68,,,,10.1,,4.3,,MB,511
70650,NCEDCB,2013,1,17,21,17,34.8,,30.62,31.98,,,,10,,4.9,,MB,0
44662,GII,2013,1,22,0,35,42.18,,32.61,27.68,,,,32,,4.2,,MB,0
70651,NCEDCB,2013,3,3,11,22,24,,34.58,35.99,,,,17.5,,4.2,,MB,641
44669,GII,2013,4,7,15,58,1.814,,34.36,27.80,,,,1,,4.6,,MB,262
44670,GII,2013,4,11,3,56,9.363,,33.42,27.97,,,,10,,4.2,,MB,0
59259,KOERI,2013,4,11,11,17,43.64,,31.66,35.64,,,,14,,4.0,,MW,831
59230,KOERI,2013,5,15,16,52,26.28,,30.49,36.97,,,,92.2,,4.1,,!ML,0
44673,GII,2013,6,1,11,49,29.887,,33.04,28.44,,,,32,,4.9,,MB,0
70657,NCEDCB,2013,7,26,0,22,55.47,,35.89,36.03,,,,17.4,,4.4,,ML,379
70662,NCEDCB,2013,10,23,12,24,22.45,,34.34,36.29,,,,5,,4.5,,MB,0
70663,NCEDCB,2013,11,5,16,16,39.96,,31.49,35.05,,,,55.51,,4.3,,MB,0
70664,NCEDCB,2013,11,7,6,39,28.46,,36.22,37.42,,,,5.4,,4.4,,MB,380
70665,NCEDCB,2013,11,22,12,0,24.36,,31.89,35.44,,,,70.17,,4.2,,MB,643
70667,NCEDCB,2013,12,6,16,37,28.49,,30.61,35.11,,,,48.4,,4.2,,MB,644
70669,NCEDCB,2013,12,25,18,11,35.83,,31.15,36.94,,,,123.16,,4.5,,MB,316
70670,NCEDCB,2013,12,28,15,21,3.59,,31.32,36.04,,,,35.71,,5.9,,MW,44
59112,KOERI,2014,1,23,9,44,25.78,,40.02,35.28,,,,2.6,,4.3,,MW,0
44699,GII,2014,2,3,18,29,46.654,,32.72,34.72,,,,12,,4.2,,MB,645
70674,NCEDCB,2014,2,14,0,33,40.5,,36.08,36.74,,,,10,,4.7,,MWR,226
70676,NCEDCB,2014,3,2,4,25,57.87,,35.18,36.79,,,,6.7,,4.2,,MB,646
44702,GII,2014,3,7,19,36,59.5,,34.66,28.09,,,,2,,4.3,,MB,516
44703,GII,2014,3,15,11,57,49.27,,34.77,27.56,,,,6,,4.4,,MB,381
44708,GII,2014,4,13,23,37,39.827,,32.96,28.19,,,,30,,4.1,,MD,0
44712,GII,2014,5,24,7,27,30.657,,35.30,30.48,,,,20,,4.6,,MB,0
44713,GII,2014,5,25,12,22,54.44,,35.46,34.17,,,,8,,4.1,,MB,0
70687,NCEDCB,2014,6,19,20,30,47.33,,32.15,35.79,,,,63.99,,4.5,,MB,318
46076,IRIS,2014,6,30,16,35,22,,33.91,35.12,,,,54.6,,4.3,,MB,518
70688,NCEDCB,2014,7,1,11,21,48.43,,30.00,36.60,,,,82.2,,4.1,,MB,0
44722,GII,2014,7,5,21,41,34.222,,35.56,33.56,,,,1,,4.2,,MB,0
70690,NCEDCB,2014,7,10,7,58,6.16,,30.22,36.08,,,,5,,4.3,,MB,519
44724,GII,2014,7,22,3,3,45.75,,32.42,29.80,,,,30,,4.6,,MB,263
46070,IRIS,2014,7,22,3,3,58,,31.76,30.65,,,,5.8,,4.3,,MB,0
59009,KOERI,2014,8,24,13,6,54.17,,31.61,35.37,,,,8,,4.0,,!ML,833
70693,NCEDCB,2014,8,24,19,43,30.75,,30.63,37.68,,,,7.4,,5.2,,MWW,120
59002,KOERI,2014,8,27,10,2,31.74,,40.60,35.84,,,,20,,4.7,,MW,228
70694,NCEDCB,2014,9,1,20,50,6.65,,36.15,33.77,,,,10,,4.4,,MB,383
44728,GII,2014,9,22,7,25,38.753,,35.52,35.31,,,,17,,4.1,,MD,0
44734,GII,2014,11,11,4,30,17.416,,32.19,33.78,,,,25,,4.2,,MB,0
70705,NCEDCB,2014,12,24,18,11,35.72,,30.33,35.74,,,,7.8,,4.2,,MB,647
